[01:47:19.345][info] [#0:/home/aboueleyes/.local/share/nvim/mason/packages/lua-language-server/libexec/main.lua:68]: Lua Lsp startup, root: 	/home/aboueleyes/.local/share/nvim/mason/packages/lua-language-server/libexec
[01:47:19.345][info] [#0:/home/aboueleyes/.local/share/nvim/mason/packages/lua-language-server/libexec/main.lua:69]: ROOT:	/home/aboueleyes/.local/share/nvim/mason/packages/lua-language-server/libexec
[01:47:19.345][info] [#0:/home/aboueleyes/.local/share/nvim/mason/packages/lua-language-server/libexec/main.lua:70]: LOGPATH:	/home/aboueleyes/.local/share/nvim/mason/packages/lua-language-server/libexec/log
[01:47:19.345][info] [#0:/home/aboueleyes/.local/share/nvim/mason/packages/lua-language-server/libexec/main.lua:71]: METAPATH:	/home/aboueleyes/.local/share/nvim/mason/packages/lua-language-server/libexec/meta
[01:47:19.345][info] [#0:/home/aboueleyes/.local/share/nvim/mason/packages/lua-language-server/libexec/main.lua:72]: VERSION:	3.9.3
[01:47:19.368][info] [#0:script/proto/proto.lua:234]: Listen Mode: stdio
[01:47:19.368][info] [#0:script/service/service.lua:145]: 
========= Medical Examination Report =========
    --------------- Memory ---------------
        Total: 1.393 MB
        # 00 : 1.393 MB
        # 01 : 0.000 MB
        # 02 : 0.000 MB
        # 03 : 0.000 MB
        # 04 : 0.000 MB
    --------------- Coroutine ---------------
        Total:     0
        Running:   0
        Suspended: 0
        Normal:    0
        Dead:      0
    --------------- Cache ---------------
        Total: 1
        Dead:  0
    ---------------  RPC  ---------------
        Holdon:   0
        Waiting:  0
==============================================
[01:47:19.372][info] [#0:script/client.lua:657]: Client init	{
  capabilities = {
    general = {
      positionEncodings = { "utf-16" }
    },
    textDocument = {
      callHierarchy = {
        dynamicRegistration = false
      },
      codeAction = {
        codeActionLiteralSupport = {
          codeActionKind = {
            valueSet = { "", "quickfix", "refactor", "refactor.extract", "refactor.inline", "refactor.rewrite", "source", "source.organizeImports" }
          }
        },
        dataSupport = true,
        dynamicRegistration = true,
        isPreferredSupport = true,
        resolveSupport = {
          properties = { "edit" }
        }
      },
      completion = {
        completionItem = {
          commitCharactersSupport = true,
          deprecatedSupport = true,
          documentationFormat = { "markdown", "plaintext" },
          insertReplaceSupport = true,
          labelDetailsSupport = true,
          preselectSupport = true,
          resolveSupport = {
            properties = { "documentation", "detail", "additionalTextEdits" }
          },
          snippetSupport = true,
          tagSupport = {
            valueSet = { 1 }
          }
        },
        completionItemKind = {
          valueSet = { 1, 2, 3, 4, 5, 6, 7, 8, 9, 10, 11, 12, 13, 14, 15, 16, 17, 18, 19, 20, 21, 22, 23, 24, 25 }
        },
        completionList = {
          itemDefaults = { "editRange", "insertTextFormat", "insertTextMode", "data" }
        },
        contextSupport = false,
        dynamicRegistration = false
      },
      declaration = {
        linkSupport = true
      },
      definition = {
        dynamicRegistration = true,
        linkSupport = true
      },
      diagnostic = {
        dynamicRegistration = false
      },
      documentHighlight = {
        dynamicRegistration = false
      },
      documentSymbol = {
        dynamicRegistration = false,
        hierarchicalDocumentSymbolSupport = true,
        symbolKind = {
          valueSet = { 1, 2, 3, 4, 5, 6, 7, 8, 9, 10, 11, 12, 13, 14, 15, 16, 17, 18, 19, 20, 21, 22, 23, 24, 25, 26 }
        }
      },
      formatting = {
        dynamicRegistration = true
      },
      hover = {
        contentFormat = { "markdown", "plaintext" },
        dynamicRegistration = true
      },
      implementation = {
        linkSupport = true
      },
      inlayHint = {
        dynamicRegistration = true,
        resolveSupport = {
          properties = { "textEdits", "tooltip", "location", "command" }
        }
      },
      publishDiagnostics = {
        dataSupport = true,
        relatedInformation = true,
        tagSupport = {
          valueSet = { 1, 2 }
        }
      },
      rangeFormatting = {
        dynamicRegistration = true
      },
      references = {
        dynamicRegistration = false
      },
      rename = {
        dynamicRegistration = true,
        prepareSupport = true
      },
      semanticTokens = {
        augmentsSyntaxTokens = true,
        dynamicRegistration = false,
        formats = { "relative" },
        multilineTokenSupport = false,
        overlappingTokenSupport = true,
        requests = {
          full = {
            delta = true
          },
          range = false
        },
        serverCancelSupport = false,
        tokenModifiers = { "declaration", "definition", "readonly", "static", "deprecated", "abstract", "async", "modification", "documentation", "defaultLibrary" },
        tokenTypes = { "namespace", "type", "class", "enum", "interface", "struct", "typeParameter", "parameter", "variable", "property", "enumMember", "event", "function", "method", "macro", "keyword", "modifier", "comment", "string", "number", "regexp", "operator", "decorator" }
      },
      signatureHelp = {
        dynamicRegistration = false,
        signatureInformation = {
          activeParameterSupport = true,
          documentationFormat = { "markdown", "plaintext" },
          parameterInformation = {
            labelOffsetSupport = true
          }
        }
      },
      synchronization = {
        didSave = true,
        dynamicRegistration = false,
        willSave = true,
        willSaveWaitUntil = true
      },
      typeDefinition = {
        linkSupport = true
      }
    },
    window = {
      showDocument = {
        support = true
      },
      showMessage = {
        messageActionItem = {
          additionalPropertiesSupport = false
        }
      },
      workDoneProgress = true
    },
    workspace = {
      applyEdit = true,
      configuration = true,
      didChangeConfiguration = {
        dynamicRegistration = false
      },
      didChangeWatchedFiles = {
        dynamicRegistration = false,
        relativePatternSupport = true
      },
      inlayHint = {
        refreshSupport = true
      },
      semanticTokens = {
        refreshSupport = true
      },
      symbol = {
        dynamicRegistration = false,
        symbolKind = {
          valueSet = { 1, 2, 3, 4, 5, 6, 7, 8, 9, 10, 11, 12, 13, 14, 15, 16, 17, 18, 19, 20, 21, 22, 23, 24, 25, 26 }
        }
      },
      workspaceEdit = {
        resourceOperations = { "rename", "create", "delete" }
      },
      workspaceFolders = true
    }
  },
  clientInfo = {
    name = "Neovim",
    version = "0.10.1+v0.10.1"
  },
  initializationOptions = {},
  processId = 88009,
  rootPath = "/home/aboueleyes/.config/nvim",
  rootUri = "file:///home/aboueleyes/.config/nvim",
  trace = "off",
  workDoneToken = "1",
  workspaceFolders = { {
      name = "/home/aboueleyes/.config/nvim",
      uri = "file:///home/aboueleyes/.config/nvim"
    } }
}
[01:47:19.372][info] [#0:script/language.lua:137]: VSC language: nil
[01:47:19.372][info] [#0:script/language.lua:138]: LS  language: en-us
[01:47:19.372][info] [#0:script/workspace/workspace.lua:38]: Workspace init root: 	file:///home/aboueleyes/.config/nvim
[01:47:19.372][info] [#0:script/workspace/workspace.lua:42]: Log path: 	/home/aboueleyes/.local/share/nvim/mason/packages/lua-language-server/libexec/log/file_home_aboueleyes_.config_nvim.log
[01:47:19.373][info] [#0:script/workspace/workspace.lua:48]: Workspace create: 	file:///home/aboueleyes/.config/nvim
[01:47:19.477][info] [#0:script/provider/provider.lua:46]: Load config from client	file:///home/aboueleyes/.config/nvim
[01:47:19.477][info] [#0:script/provider/provider.lua:47]: {
  Lua = {
    diagnostics = {
      globals = { "vim" }
    },
    workspace = {
      library = { "/usr/share/nvim/runtime/lua", "/usr/share/nvim/runtime/lua/vim/lsp", "/home/aboueleyes/.local/share/nvim/lazy/ui/nvchad_types", "/home/aboueleyes/.local/share/nvim/lazy/lazy.nvim/lua/lazy" },
      maxPreload = 100000,
      preloadFileSize = 10000
    }
  }
}
[01:47:19.478][info] [#0:script/provider/provider.lua:46]: Load config from client	file:///home/aboueleyes/.config/nvim
[01:47:19.478][info] [#0:script/provider/provider.lua:47]: {
  Lua = {
    diagnostics = {
      globals = { "vim" }
    },
    workspace = {
      library = { "/usr/share/nvim/runtime/lua", "/usr/share/nvim/runtime/lua/vim/lsp", "/home/aboueleyes/.local/share/nvim/lazy/ui/nvchad_types", "/home/aboueleyes/.local/share/nvim/lazy/lazy.nvim/lua/lazy" },
      maxPreload = 100000,
      preloadFileSize = 10000
    }
  }
}
[01:47:19.579][info] [#0:script/provider/provider.lua:61]: Load config from client	fallback
[01:47:19.580][info] [#0:script/provider/provider.lua:62]: {
  Lua = {
    diagnostics = {
      globals = { "vim" }
    },
    workspace = {
      library = { "/usr/share/nvim/runtime/lua", "/usr/share/nvim/runtime/lua/vim/lsp", "/home/aboueleyes/.local/share/nvim/lazy/ui/nvchad_types", "/home/aboueleyes/.local/share/nvim/lazy/lazy.nvim/lua/lazy" },
      maxPreload = 100000,
      preloadFileSize = 10000
    }
  }
}
[01:47:19.580][info] [#0:script/provider/provider.lua:61]: Load config from client	fallback
[01:47:19.580][info] [#0:script/provider/provider.lua:62]: {
  Lua = {
    diagnostics = {
      globals = { "vim" }
    },
    workspace = {
      library = { "/usr/share/nvim/runtime/lua", "/usr/share/nvim/runtime/lua/vim/lsp", "/home/aboueleyes/.local/share/nvim/lazy/ui/nvchad_types", "/home/aboueleyes/.local/share/nvim/lazy/lazy.nvim/lua/lazy" },
      maxPreload = 100000,
      preloadFileSize = 10000
    }
  }
}
[01:47:19.689][info] [#0:script/library.lua:212]: Init builtin library at:	file:///home/aboueleyes/.config/nvim
[01:47:19.700][info] [#0:script/library.lua:212]: Init builtin library at:	nil
[01:47:19.810][info] [#0:script/workspace/workspace.lua:324]: Preload start:	file:///home/aboueleyes/.config/nvim
[01:47:19.821][info] [#0:script/workspace/workspace.lua:330]: Scan files at:	file:///home/aboueleyes/.config/nvim
[01:47:19.822][info] [#0:script/workspace/workspace.lua:324]: Preload start:	<fallback>
[01:47:19.826][info] [#0:script/workspace/workspace.lua:353]: Scan library at:	file:///home/aboueleyes/.local/share/nvim/mason/packages/lua-language-server/libexec/meta/Lua%205.4%20en-us%20utf8/string.lua
[01:47:19.826][info] [#0:script/workspace/workspace.lua:353]: Scan library at:	file:///home/aboueleyes/.local/share/nvim/mason/packages/lua-language-server/libexec/meta/Lua%205.4%20en-us%20utf8/math.lua
[01:47:19.827][info] [#0:script/workspace/workspace.lua:353]: Scan library at:	file:///home/aboueleyes/.local/share/nvim/mason/packages/lua-language-server/libexec/meta/Lua%205.4%20en-us%20utf8/package.lua
[01:47:19.827][info] [#0:script/workspace/workspace.lua:353]: Scan library at:	file:///home/aboueleyes/.local/share/nvim/mason/packages/lua-language-server/libexec/meta/Lua%205.4%20en-us%20utf8/io.lua
[01:47:19.827][info] [#0:script/workspace/workspace.lua:353]: Scan library at:	file:///home/aboueleyes/.local/share/nvim/mason/packages/lua-language-server/libexec/meta/Lua%205.4%20en-us%20utf8/coroutine.lua
[01:47:19.828][info] [#0:script/workspace/workspace.lua:353]: Scan library at:	file:///home/aboueleyes/.local/share/nvim/mason/packages/lua-language-server/libexec/meta/Lua%205.4%20en-us%20utf8/os.lua
[01:47:19.828][info] [#0:script/workspace/workspace.lua:353]: Scan library at:	file:///home/aboueleyes/.local/share/nvim/mason/packages/lua-language-server/libexec/meta/Lua%205.4%20en-us%20utf8/utf8.lua
[01:47:19.828][info] [#0:script/workspace/workspace.lua:353]: Scan library at:	file:///home/aboueleyes/.local/share/nvim/mason/packages/lua-language-server/libexec/meta/Lua%205.4%20en-us%20utf8/basic.lua
[01:47:19.829][info] [#0:script/workspace/workspace.lua:353]: Scan library at:	file:///home/aboueleyes/.local/share/nvim/lazy/ui/nvchad_types
[01:47:19.829][info] [#0:script/workspace/workspace.lua:353]: Scan library at:	file:///home/aboueleyes/.local/share/nvim/mason/packages/lua-language-server/libexec/meta/Lua%205.4%20en-us%20utf8/string.lua
[01:47:19.830][info] [#0:script/workspace/workspace.lua:353]: Scan library at:	file:///home/aboueleyes/.local/share/nvim/mason/packages/lua-language-server/libexec/meta/Lua%205.4%20en-us%20utf8/math.lua
[01:47:19.830][info] [#0:script/workspace/workspace.lua:353]: Scan library at:	file:///home/aboueleyes/.local/share/nvim/mason/packages/lua-language-server/libexec/meta/Lua%205.4%20en-us%20utf8/package.lua
[01:47:19.830][info] [#0:script/workspace/workspace.lua:353]: Scan library at:	file:///home/aboueleyes/.local/share/nvim/mason/packages/lua-language-server/libexec/meta/Lua%205.4%20en-us%20utf8/io.lua
[01:47:19.830][info] [#0:script/workspace/workspace.lua:353]: Scan library at:	file:///usr/share/nvim/runtime/lua/vim/lsp
[01:47:19.831][info] [#0:script/workspace/workspace.lua:353]: Scan library at:	file:///home/aboueleyes/.local/share/nvim/mason/packages/lua-language-server/libexec/meta/Lua%205.4%20en-us%20utf8/coroutine.lua
[01:47:19.831][info] [#0:script/workspace/workspace.lua:353]: Scan library at:	file:///home/aboueleyes/.local/share/nvim/mason/packages/lua-language-server/libexec/meta/Lua%205.4%20en-us%20utf8/os.lua
[01:47:19.832][info] [#0:script/workspace/workspace.lua:353]: Scan library at:	file:///home/aboueleyes/.local/share/nvim/mason/packages/lua-language-server/libexec/meta/Lua%205.4%20en-us%20utf8/utf8.lua
[01:47:19.832][info] [#0:script/workspace/workspace.lua:353]: Scan library at:	file:///home/aboueleyes/.local/share/nvim/mason/packages/lua-language-server/libexec/meta/Lua%205.4%20en-us%20utf8/basic.lua
[01:47:19.832][info] [#0:script/workspace/workspace.lua:353]: Scan library at:	file:///home/aboueleyes/.local/share/nvim/lazy/ui/nvchad_types
[01:47:19.833][info] [#0:script/workspace/workspace.lua:353]: Scan library at:	file:///usr/share/nvim/runtime/lua/vim/lsp
[01:47:19.836][info] [#0:script/workspace/workspace.lua:353]: Scan library at:	file:///home/aboueleyes/.local/share/nvim/mason/packages/lua-language-server/libexec/meta/Lua%205.4%20en-us%20utf8/table.lua
[01:47:19.836][info] [#0:script/workspace/workspace.lua:353]: Scan library at:	file:///home/aboueleyes/.local/share/nvim/mason/packages/lua-language-server/libexec/meta/Lua%205.4%20en-us%20utf8/builtin.lua
[01:47:19.836][info] [#0:script/workspace/workspace.lua:353]: Scan library at:	file:///home/aboueleyes/.local/share/nvim/mason/packages/lua-language-server/libexec/meta/Lua%205.4%20en-us%20utf8/debug.lua
[01:47:19.837][info] [#0:script/workspace/workspace.lua:353]: Scan library at:	file:///usr/share/nvim/runtime/lua
[01:47:19.839][info] [#0:script/workspace/workspace.lua:353]: Scan library at:	file:///home/aboueleyes/.local/share/nvim/mason/packages/lua-language-server/libexec/meta/Lua%205.4%20en-us%20utf8/table.lua
[01:47:19.839][info] [#0:script/workspace/workspace.lua:353]: Scan library at:	file:///home/aboueleyes/.local/share/nvim/mason/packages/lua-language-server/libexec/meta/Lua%205.4%20en-us%20utf8/builtin.lua
[01:47:19.839][info] [#0:script/workspace/workspace.lua:353]: Scan library at:	file:///home/aboueleyes/.local/share/nvim/mason/packages/lua-language-server/libexec/meta/Lua%205.4%20en-us%20utf8/debug.lua
[01:47:19.840][info] [#0:script/workspace/workspace.lua:353]: Scan library at:	file:///usr/share/nvim/runtime/lua
[01:47:19.866][info] [#0:script/workspace/workspace.lua:353]: Scan library at:	file:///home/aboueleyes/.local/share/nvim/lazy/lazy.nvim/lua/lazy
[01:47:19.869][info] [#0:script/workspace/workspace.lua:353]: Scan library at:	file:///home/aboueleyes/.local/share/nvim/lazy/lazy.nvim/lua/lazy
[01:47:19.986][info] [#0:script/workspace/workspace.lua:379]: Found 211 files at:	<fallback>
[01:47:19.986][info] [#0:script/workspace/loading.lua:161]: Load files from disk:	<fallback>
[01:47:19.986][info] [#0:script/workspace/workspace.lua:379]: Found 219 files at:	file:///home/aboueleyes/.config/nvim
[01:47:19.986][info] [#0:script/workspace/loading.lua:161]: Load files from disk:	file:///home/aboueleyes/.config/nvim
[01:47:19.988][info] [#0:script/workspace/loading.lua:101]: Preload file at: file:///home/aboueleyes/.local/share/nvim/lazy/lazy.nvim/lua/lazy/build.lua , size = 3.018 KB
[01:47:19.995][info] [#0:script/workspace/loading.lua:113]: ++++As library of:	file:///home/aboueleyes/.local/share/nvim/lazy/lazy.nvim/lua/lazy
[01:47:19.995][info] [#0:script/workspace/loading.lua:101]: Preload file at: file:///home/aboueleyes/.local/share/nvim/lazy/lazy.nvim/lua/lazy/types.lua , size = 3.529 KB
[01:47:20.001][info] [#0:script/workspace/loading.lua:113]: ++++As library of:	file:///home/aboueleyes/.local/share/nvim/lazy/lazy.nvim/lua/lazy
[01:47:20.001][info] [#0:script/workspace/loading.lua:98]: Skip loaded file: file:///home/aboueleyes/.local/share/nvim/lazy/lazy.nvim/lua/lazy/types.lua
[01:47:20.001][info] [#0:script/workspace/loading.lua:101]: Preload file at: file:///home/aboueleyes/.local/share/nvim/lazy/lazy.nvim/lua/lazy/async.lua , size = 4.302 KB
[01:47:20.007][info] [#0:script/workspace/loading.lua:113]: ++++As library of:	file:///home/aboueleyes/.local/share/nvim/lazy/lazy.nvim/lua/lazy
[01:47:20.007][info] [#0:script/workspace/loading.lua:98]: Skip loaded file: file:///home/aboueleyes/.local/share/nvim/lazy/lazy.nvim/lua/lazy/async.lua
[01:47:20.007][info] [#0:script/workspace/loading.lua:101]: Preload file at: file:///home/aboueleyes/.local/share/nvim/lazy/lazy.nvim/lua/lazy/community/specs.lua , size = 0.115 KB
[01:47:20.008][info] [#0:script/workspace/loading.lua:113]: ++++As library of:	file:///home/aboueleyes/.local/share/nvim/lazy/lazy.nvim/lua/lazy
[01:47:20.008][info] [#0:script/workspace/loading.lua:98]: Skip loaded file: file:///home/aboueleyes/.local/share/nvim/lazy/lazy.nvim/lua/lazy/community/specs.lua
[01:47:20.008][info] [#0:script/workspace/loading.lua:98]: Skip loaded file: file:///home/aboueleyes/.local/share/nvim/lazy/lazy.nvim/lua/lazy/build.lua
[01:47:20.008][info] [#0:script/workspace/loading.lua:101]: Preload file at: file:///home/aboueleyes/.local/share/nvim/lazy/lazy.nvim/lua/lazy/community/_generated.lua , size = 17.725 KB
[01:47:20.020][info] [#0:script/workspace/loading.lua:113]: ++++As library of:	file:///home/aboueleyes/.local/share/nvim/lazy/lazy.nvim/lua/lazy
[01:47:20.021][info] [#0:script/workspace/loading.lua:89]: Skip loaded file: file:///home/aboueleyes/.local/share/nvim/lazy/lazy.nvim/lua/lazy/community/_generated.lua
[01:47:20.021][info] [#0:script/workspace/loading.lua:113]: ++++As library of:	file:///home/aboueleyes/.local/share/nvim/lazy/lazy.nvim/lua/lazy
[01:47:20.021][info] [#0:script/workspace/loading.lua:101]: Preload file at: file:///home/aboueleyes/.local/share/nvim/lazy/lazy.nvim/lua/lazy/community/init.lua , size = 0.511 KB
[01:47:20.022][info] [#0:script/workspace/loading.lua:113]: ++++As library of:	file:///home/aboueleyes/.local/share/nvim/lazy/lazy.nvim/lua/lazy
[01:47:20.022][info] [#0:script/workspace/loading.lua:98]: Skip loaded file: file:///home/aboueleyes/.local/share/nvim/lazy/lazy.nvim/lua/lazy/community/init.lua
[01:47:20.022][info] [#0:script/workspace/loading.lua:101]: Preload file at: file:///home/aboueleyes/.local/share/nvim/lazy/lazy.nvim/lua/lazy/example.lua , size = 2.644 KB
[01:47:20.023][info] [#0:script/workspace/loading.lua:113]: ++++As library of:	file:///home/aboueleyes/.local/share/nvim/lazy/lazy.nvim/lua/lazy
[01:47:20.023][info] [#0:script/workspace/loading.lua:98]: Skip loaded file: file:///home/aboueleyes/.local/share/nvim/lazy/lazy.nvim/lua/lazy/example.lua
[01:47:20.023][info] [#0:script/workspace/loading.lua:101]: Preload file at: file:///home/aboueleyes/.local/share/nvim/lazy/lazy.nvim/lua/lazy/docs.lua , size = 4.638 KB
[01:47:20.027][info] [#0:script/workspace/loading.lua:113]: ++++As library of:	file:///home/aboueleyes/.local/share/nvim/lazy/lazy.nvim/lua/lazy
[01:47:20.027][info] [#0:script/workspace/loading.lua:98]: Skip loaded file: file:///home/aboueleyes/.local/share/nvim/lazy/lazy.nvim/lua/lazy/docs.lua
[01:47:20.027][info] [#0:script/workspace/loading.lua:101]: Preload file at: file:///home/aboueleyes/.local/share/nvim/lazy/lazy.nvim/lua/lazy/manage/git.lua , size = 6.279 KB
[01:47:20.031][info] [#0:script/workspace/loading.lua:113]: ++++As library of:	file:///home/aboueleyes/.local/share/nvim/lazy/lazy.nvim/lua/lazy
[01:47:20.031][info] [#0:script/workspace/loading.lua:98]: Skip loaded file: file:///home/aboueleyes/.local/share/nvim/lazy/lazy.nvim/lua/lazy/manage/git.lua
[01:47:20.031][info] [#0:script/workspace/loading.lua:101]: Preload file at: file:///home/aboueleyes/.local/share/nvim/lazy/lazy.nvim/lua/lazy/manage/reloader.lua , size = 2.817 KB
[01:47:20.033][info] [#0:script/workspace/loading.lua:113]: ++++As library of:	file:///home/aboueleyes/.local/share/nvim/lazy/lazy.nvim/lua/lazy
[01:47:20.033][info] [#0:script/workspace/loading.lua:89]: Skip loaded file: file:///home/aboueleyes/.local/share/nvim/lazy/lazy.nvim/lua/lazy/manage/reloader.lua
[01:47:20.034][info] [#0:script/workspace/loading.lua:113]: ++++As library of:	file:///home/aboueleyes/.local/share/nvim/lazy/lazy.nvim/lua/lazy
[01:47:20.034][info] [#0:script/workspace/loading.lua:101]: Preload file at: file:///home/aboueleyes/.local/share/nvim/lazy/lazy.nvim/lua/lazy/manage/process.lua , size = 5.447 KB
[01:47:20.038][info] [#0:script/workspace/loading.lua:113]: ++++As library of:	file:///home/aboueleyes/.local/share/nvim/lazy/lazy.nvim/lua/lazy
[01:47:20.038][info] [#0:script/workspace/loading.lua:98]: Skip loaded file: file:///home/aboueleyes/.local/share/nvim/lazy/lazy.nvim/lua/lazy/manage/process.lua
[01:47:20.038][info] [#0:script/workspace/loading.lua:101]: Preload file at: file:///home/aboueleyes/.local/share/nvim/lazy/lazy.nvim/lua/lazy/manage/checker.lua , size = 2.479 KB
[01:47:20.042][info] [#0:script/workspace/loading.lua:113]: ++++As library of:	file:///home/aboueleyes/.local/share/nvim/lazy/lazy.nvim/lua/lazy
[01:47:20.042][info] [#0:script/workspace/loading.lua:98]: Skip loaded file: file:///home/aboueleyes/.local/share/nvim/lazy/lazy.nvim/lua/lazy/manage/checker.lua
[01:47:20.042][info] [#0:script/workspace/loading.lua:101]: Preload file at: file:///home/aboueleyes/.local/share/nvim/lazy/lazy.nvim/lua/lazy/manage/semver.lua , size = 4.455 KB
[01:47:20.045][info] [#0:script/workspace/loading.lua:113]: ++++As library of:	file:///home/aboueleyes/.local/share/nvim/lazy/lazy.nvim/lua/lazy
[01:47:20.045][info] [#0:script/workspace/loading.lua:98]: Skip loaded file: file:///home/aboueleyes/.local/share/nvim/lazy/lazy.nvim/lua/lazy/manage/semver.lua
[01:47:20.045][info] [#0:script/workspace/loading.lua:101]: Preload file at: file:///home/aboueleyes/.local/share/nvim/lazy/lazy.nvim/lua/lazy/manage/task/git.lua , size = 8.725 KB
[01:47:20.050][info] [#0:script/workspace/loading.lua:113]: ++++As library of:	file:///home/aboueleyes/.local/share/nvim/lazy/lazy.nvim/lua/lazy
[01:47:20.050][info] [#0:script/workspace/loading.lua:89]: Skip loaded file: file:///home/aboueleyes/.local/share/nvim/lazy/lazy.nvim/lua/lazy/manage/task/git.lua
[01:47:20.050][info] [#0:script/workspace/loading.lua:113]: ++++As library of:	file:///home/aboueleyes/.local/share/nvim/lazy/lazy.nvim/lua/lazy
[01:47:20.050][info] [#0:script/workspace/loading.lua:101]: Preload file at: file:///home/aboueleyes/.local/share/nvim/lazy/lazy.nvim/lua/lazy/manage/task/init.lua , size = 5.805 KB
[01:47:20.054][info] [#0:script/workspace/loading.lua:113]: ++++As library of:	file:///home/aboueleyes/.local/share/nvim/lazy/lazy.nvim/lua/lazy
[01:47:20.054][info] [#0:script/workspace/loading.lua:98]: Skip loaded file: file:///home/aboueleyes/.local/share/nvim/lazy/lazy.nvim/lua/lazy/manage/task/init.lua
[01:47:20.054][info] [#0:script/workspace/loading.lua:101]: Preload file at: file:///home/aboueleyes/.local/share/nvim/lazy/lazy.nvim/lua/lazy/manage/task/plugin.lua , size = 2.486 KB
[01:47:20.056][info] [#0:script/workspace/loading.lua:113]: ++++As library of:	file:///home/aboueleyes/.local/share/nvim/lazy/lazy.nvim/lua/lazy
[01:47:20.056][info] [#0:script/workspace/loading.lua:98]: Skip loaded file: file:///home/aboueleyes/.local/share/nvim/lazy/lazy.nvim/lua/lazy/manage/task/plugin.lua
[01:47:20.056][info] [#0:script/workspace/loading.lua:101]: Preload file at: file:///home/aboueleyes/.local/share/nvim/lazy/lazy.nvim/lua/lazy/manage/task/fs.lua , size = 1.002 KB
[01:47:20.057][info] [#0:script/workspace/loading.lua:113]: ++++As library of:	file:///home/aboueleyes/.local/share/nvim/lazy/lazy.nvim/lua/lazy
[01:47:20.057][info] [#0:script/workspace/loading.lua:98]: Skip loaded file: file:///home/aboueleyes/.local/share/nvim/lazy/lazy.nvim/lua/lazy/manage/task/fs.lua
[01:47:20.058][info] [#0:script/workspace/loading.lua:101]: Preload file at: file:///home/aboueleyes/.local/share/nvim/lazy/lazy.nvim/lua/lazy/manage/lock.lua , size = 1.666 KB
[01:47:20.059][info] [#0:script/workspace/loading.lua:113]: ++++As library of:	file:///home/aboueleyes/.local/share/nvim/lazy/lazy.nvim/lua/lazy
[01:47:20.059][info] [#0:script/workspace/loading.lua:98]: Skip loaded file: file:///home/aboueleyes/.local/share/nvim/lazy/lazy.nvim/lua/lazy/manage/lock.lua
[01:47:20.059][info] [#0:script/workspace/loading.lua:101]: Preload file at: file:///home/aboueleyes/.local/share/nvim/lazy/lazy.nvim/lua/lazy/manage/init.lua , size = 5.873 KB
[01:47:20.063][info] [#0:script/workspace/loading.lua:113]: ++++As library of:	file:///home/aboueleyes/.local/share/nvim/lazy/lazy.nvim/lua/lazy
[01:47:20.063][info] [#0:script/workspace/loading.lua:89]: Skip loaded file: file:///home/aboueleyes/.local/share/nvim/lazy/lazy.nvim/lua/lazy/manage/init.lua
[01:47:20.063][info] [#0:script/workspace/loading.lua:113]: ++++As library of:	file:///home/aboueleyes/.local/share/nvim/lazy/lazy.nvim/lua/lazy
[01:47:20.063][info] [#0:script/workspace/loading.lua:101]: Preload file at: file:///home/aboueleyes/.local/share/nvim/lazy/lazy.nvim/lua/lazy/manage/runner.lua , size = 4.847 KB
[01:47:20.069][info] [#0:script/workspace/loading.lua:113]: ++++As library of:	file:///home/aboueleyes/.local/share/nvim/lazy/lazy.nvim/lua/lazy
[01:47:20.070][info] [#0:script/workspace/loading.lua:98]: Skip loaded file: file:///home/aboueleyes/.local/share/nvim/lazy/lazy.nvim/lua/lazy/manage/runner.lua
[01:47:20.070][info] [#0:script/workspace/loading.lua:101]: Preload file at: file:///home/aboueleyes/.local/share/nvim/lazy/lazy.nvim/lua/lazy/util.lua , size = 6.888 KB
[01:47:20.074][info] [#0:script/workspace/loading.lua:113]: ++++As library of:	file:///home/aboueleyes/.local/share/nvim/lazy/lazy.nvim/lua/lazy
[01:47:20.074][info] [#0:script/workspace/loading.lua:98]: Skip loaded file: file:///home/aboueleyes/.local/share/nvim/lazy/lazy.nvim/lua/lazy/util.lua
[01:47:20.075][info] [#0:script/workspace/loading.lua:101]: Preload file at: file:///home/aboueleyes/.local/share/nvim/lazy/lazy.nvim/lua/lazy/status.lua , size = 0.353 KB
[01:47:20.075][info] [#0:script/workspace/loading.lua:113]: ++++As library of:	file:///home/aboueleyes/.local/share/nvim/lazy/lazy.nvim/lua/lazy
[01:47:20.075][info] [#0:script/workspace/loading.lua:98]: Skip loaded file: file:///home/aboueleyes/.local/share/nvim/lazy/lazy.nvim/lua/lazy/status.lua
[01:47:20.075][info] [#0:script/workspace/loading.lua:101]: Preload file at: file:///home/aboueleyes/.local/share/nvim/lazy/lazy.nvim/lua/lazy/state.lua , size = 0.859 KB
[01:47:20.076][info] [#0:script/workspace/loading.lua:113]: ++++As library of:	file:///home/aboueleyes/.local/share/nvim/lazy/lazy.nvim/lua/lazy
[01:47:20.076][info] [#0:script/workspace/loading.lua:98]: Skip loaded file: file:///home/aboueleyes/.local/share/nvim/lazy/lazy.nvim/lua/lazy/state.lua
[01:47:20.076][info] [#0:script/workspace/loading.lua:101]: Preload file at: file:///home/aboueleyes/.local/share/nvim/lazy/lazy.nvim/lua/lazy/help.lua , size = 2.216 KB
[01:47:20.078][info] [#0:script/workspace/loading.lua:113]: ++++As library of:	file:///home/aboueleyes/.local/share/nvim/lazy/lazy.nvim/lua/lazy
[01:47:20.078][info] [#0:script/workspace/loading.lua:89]: Skip loaded file: file:///home/aboueleyes/.local/share/nvim/lazy/lazy.nvim/lua/lazy/help.lua
[01:47:20.078][info] [#0:script/workspace/loading.lua:113]: ++++As library of:	file:///home/aboueleyes/.local/share/nvim/lazy/lazy.nvim/lua/lazy
[01:47:20.078][info] [#0:script/workspace/loading.lua:101]: Preload file at: file:///home/aboueleyes/.local/share/nvim/lazy/lazy.nvim/lua/lazy/core/config.lua , size = 11.373 KB
[01:47:20.083][info] [#0:script/workspace/loading.lua:113]: ++++As library of:	file:///home/aboueleyes/.local/share/nvim/lazy/lazy.nvim/lua/lazy
[01:47:20.083][info] [#0:script/workspace/loading.lua:98]: Skip loaded file: file:///home/aboueleyes/.local/share/nvim/lazy/lazy.nvim/lua/lazy/core/config.lua
[01:47:20.083][info] [#0:script/workspace/loading.lua:101]: Preload file at: file:///home/aboueleyes/.local/share/nvim/lazy/lazy.nvim/lua/lazy/core/meta.lua , size = 9.192 KB
[01:47:20.088][info] [#0:script/workspace/loading.lua:113]: ++++As library of:	file:///home/aboueleyes/.local/share/nvim/lazy/lazy.nvim/lua/lazy
[01:47:20.088][info] [#0:script/workspace/loading.lua:98]: Skip loaded file: file:///home/aboueleyes/.local/share/nvim/lazy/lazy.nvim/lua/lazy/core/meta.lua
[01:47:20.088][info] [#0:script/workspace/loading.lua:101]: Preload file at: file:///home/aboueleyes/.local/share/nvim/lazy/lazy.nvim/lua/lazy/core/util.lua , size = 12.315 KB
[01:47:20.096][info] [#0:script/workspace/loading.lua:113]: ++++As library of:	file:///home/aboueleyes/.local/share/nvim/lazy/lazy.nvim/lua/lazy
[01:47:20.096][info] [#0:script/workspace/loading.lua:98]: Skip loaded file: file:///home/aboueleyes/.local/share/nvim/lazy/lazy.nvim/lua/lazy/core/util.lua
[01:47:20.097][info] [#0:script/workspace/loading.lua:101]: Preload file at: file:///home/aboueleyes/.local/share/nvim/lazy/lazy.nvim/lua/lazy/core/cache.lua , size = 16.584 KB
[01:47:20.111][info] [#0:script/workspace/loading.lua:113]: ++++As library of:	file:///home/aboueleyes/.local/share/nvim/lazy/lazy.nvim/lua/lazy
[01:47:20.111][info] [#0:script/workspace/loading.lua:98]: Skip loaded file: file:///home/aboueleyes/.local/share/nvim/lazy/lazy.nvim/lua/lazy/core/cache.lua
[01:47:20.111][info] [#0:script/workspace/loading.lua:101]: Preload file at: file:///home/aboueleyes/.local/share/nvim/lazy/lazy.nvim/lua/lazy/core/loader.lua , size = 14.632 KB
[01:47:20.119][info] [#0:script/workspace/loading.lua:113]: ++++As library of:	file:///home/aboueleyes/.local/share/nvim/lazy/lazy.nvim/lua/lazy
[01:47:20.119][info] [#0:script/workspace/loading.lua:98]: Skip loaded file: file:///home/aboueleyes/.local/share/nvim/lazy/lazy.nvim/lua/lazy/core/loader.lua
[01:47:20.119][info] [#0:script/workspace/loading.lua:101]: Preload file at: file:///home/aboueleyes/.local/share/nvim/lazy/lazy.nvim/lua/lazy/core/handler/event.lua , size = 4.956 KB
[01:47:20.122][info] [#0:script/workspace/loading.lua:113]: ++++As library of:	file:///home/aboueleyes/.local/share/nvim/lazy/lazy.nvim/lua/lazy
[01:47:20.122][info] [#0:script/workspace/loading.lua:98]: Skip loaded file: file:///home/aboueleyes/.local/share/nvim/lazy/lazy.nvim/lua/lazy/core/handler/event.lua
[01:47:20.122][info] [#0:script/workspace/loading.lua:101]: Preload file at: file:///home/aboueleyes/.local/share/nvim/lazy/lazy.nvim/lua/lazy/core/handler/ft.lua , size = 0.442 KB
[01:47:20.123][info] [#0:script/workspace/loading.lua:113]: ++++As library of:	file:///home/aboueleyes/.local/share/nvim/lazy/lazy.nvim/lua/lazy
[01:47:20.123][info] [#0:script/workspace/loading.lua:98]: Skip loaded file: file:///home/aboueleyes/.local/share/nvim/lazy/lazy.nvim/lua/lazy/core/handler/ft.lua
[01:47:20.123][info] [#0:script/workspace/loading.lua:101]: Preload file at: file:///home/aboueleyes/.local/share/nvim/lazy/lazy.nvim/lua/lazy/core/handler/cmd.lua , size = 1.638 KB
[01:47:20.124][info] [#0:script/workspace/loading.lua:113]: ++++As library of:	file:///home/aboueleyes/.local/share/nvim/lazy/lazy.nvim/lua/lazy
[01:47:20.124][info] [#0:script/workspace/loading.lua:98]: Skip loaded file: file:///home/aboueleyes/.local/share/nvim/lazy/lazy.nvim/lua/lazy/core/handler/cmd.lua
[01:47:20.124][info] [#0:script/workspace/loading.lua:101]: Preload file at: file:///home/aboueleyes/.local/share/nvim/lazy/lazy.nvim/lua/lazy/core/handler/keys.lua , size = 5.294 KB
[01:47:20.128][info] [#0:script/workspace/loading.lua:113]: ++++As library of:	file:///home/aboueleyes/.local/share/nvim/lazy/lazy.nvim/lua/lazy
[01:47:20.128][info] [#0:script/workspace/loading.lua:98]: Skip loaded file: file:///home/aboueleyes/.local/share/nvim/lazy/lazy.nvim/lua/lazy/core/handler/keys.lua
[01:47:20.128][info] [#0:script/workspace/loading.lua:101]: Preload file at: file:///home/aboueleyes/.local/share/nvim/lazy/lazy.nvim/lua/lazy/core/handler/init.lua , size = 3.170 KB
[01:47:20.131][info] [#0:script/workspace/loading.lua:113]: ++++As library of:	file:///home/aboueleyes/.local/share/nvim/lazy/lazy.nvim/lua/lazy
[01:47:20.131][info] [#0:script/workspace/loading.lua:98]: Skip loaded file: file:///home/aboueleyes/.local/share/nvim/lazy/lazy.nvim/lua/lazy/core/handler/init.lua
[01:47:20.131][info] [#0:script/workspace/loading.lua:101]: Preload file at: file:///home/aboueleyes/.local/share/nvim/lazy/lazy.nvim/lua/lazy/core/fragments.lua , size = 4.215 KB
[01:47:20.134][info] [#0:script/workspace/loading.lua:113]: ++++As library of:	file:///home/aboueleyes/.local/share/nvim/lazy/lazy.nvim/lua/lazy
[01:47:20.134][info] [#0:script/workspace/loading.lua:98]: Skip loaded file: file:///home/aboueleyes/.local/share/nvim/lazy/lazy.nvim/lua/lazy/core/fragments.lua
[01:47:20.135][info] [#0:script/workspace/loading.lua:101]: Preload file at: file:///home/aboueleyes/.local/share/nvim/lazy/lazy.nvim/lua/lazy/core/plugin.lua , size = 12.053 KB
[01:47:20.143][info] [#0:script/workspace/loading.lua:113]: ++++As library of:	file:///home/aboueleyes/.local/share/nvim/lazy/lazy.nvim/lua/lazy
[01:47:20.143][info] [#0:script/workspace/loading.lua:89]: Skip loaded file: file:///home/aboueleyes/.local/share/nvim/lazy/lazy.nvim/lua/lazy/core/plugin.lua
[01:47:20.143][info] [#0:script/workspace/loading.lua:113]: ++++As library of:	file:///home/aboueleyes/.local/share/nvim/lazy/lazy.nvim/lua/lazy
[01:47:20.144][info] [#0:script/workspace/loading.lua:101]: Preload file at: file:///home/aboueleyes/.local/share/nvim/lazy/lazy.nvim/lua/lazy/stats.lua , size = 2.153 KB
[01:47:20.145][info] [#0:script/workspace/loading.lua:113]: ++++As library of:	file:///home/aboueleyes/.local/share/nvim/lazy/lazy.nvim/lua/lazy
[01:47:20.145][info] [#0:script/workspace/loading.lua:98]: Skip loaded file: file:///home/aboueleyes/.local/share/nvim/lazy/lazy.nvim/lua/lazy/stats.lua
[01:47:20.145][info] [#0:script/workspace/loading.lua:101]: Preload file at: file:///home/aboueleyes/.local/share/nvim/lazy/lazy.nvim/lua/lazy/terminal.lua , size = 2.394 KB
[01:47:20.147][info] [#0:script/workspace/loading.lua:113]: ++++As library of:	file:///home/aboueleyes/.local/share/nvim/lazy/lazy.nvim/lua/lazy
[01:47:20.147][info] [#0:script/workspace/loading.lua:98]: Skip loaded file: file:///home/aboueleyes/.local/share/nvim/lazy/lazy.nvim/lua/lazy/terminal.lua
[01:47:20.147][info] [#0:script/workspace/loading.lua:101]: Preload file at: file:///home/aboueleyes/.local/share/nvim/lazy/lazy.nvim/lua/lazy/view/diff.lua , size = 1.585 KB
[01:47:20.148][info] [#0:script/workspace/loading.lua:113]: ++++As library of:	file:///home/aboueleyes/.local/share/nvim/lazy/lazy.nvim/lua/lazy
[01:47:20.148][info] [#0:script/workspace/loading.lua:98]: Skip loaded file: file:///home/aboueleyes/.local/share/nvim/lazy/lazy.nvim/lua/lazy/view/diff.lua
[01:47:20.149][info] [#0:script/workspace/loading.lua:101]: Preload file at: file:///home/aboueleyes/.local/share/nvim/lazy/lazy.nvim/lua/lazy/view/config.lua , size = 3.507 KB
[01:47:20.150][info] [#0:script/workspace/loading.lua:113]: ++++As library of:	file:///home/aboueleyes/.local/share/nvim/lazy/lazy.nvim/lua/lazy
[01:47:20.150][info] [#0:script/workspace/loading.lua:89]: Skip loaded file: file:///home/aboueleyes/.local/share/nvim/lazy/lazy.nvim/lua/lazy/view/config.lua
[01:47:20.150][info] [#0:script/workspace/loading.lua:113]: ++++As library of:	file:///home/aboueleyes/.local/share/nvim/lazy/lazy.nvim/lua/lazy
[01:47:20.151][info] [#0:script/workspace/loading.lua:101]: Preload file at: file:///home/aboueleyes/.local/share/nvim/lazy/lazy.nvim/lua/lazy/view/colors.lua , size = 1.820 KB
[01:47:20.152][info] [#0:script/workspace/loading.lua:113]: ++++As library of:	file:///home/aboueleyes/.local/share/nvim/lazy/lazy.nvim/lua/lazy
[01:47:20.152][info] [#0:script/workspace/loading.lua:89]: Skip loaded file: file:///home/aboueleyes/.local/share/nvim/lazy/lazy.nvim/lua/lazy/view/colors.lua
[01:47:20.152][info] [#0:script/workspace/loading.lua:113]: ++++As library of:	file:///home/aboueleyes/.local/share/nvim/lazy/lazy.nvim/lua/lazy
[01:47:20.152][info] [#0:script/workspace/loading.lua:101]: Preload file at: file:///home/aboueleyes/.local/share/nvim/lazy/lazy.nvim/lua/lazy/view/commands.lua , size = 3.889 KB
[01:47:20.154][info] [#0:script/workspace/loading.lua:113]: ++++As library of:	file:///home/aboueleyes/.local/share/nvim/lazy/lazy.nvim/lua/lazy
[01:47:20.154][info] [#0:script/workspace/loading.lua:89]: Skip loaded file: file:///home/aboueleyes/.local/share/nvim/lazy/lazy.nvim/lua/lazy/view/commands.lua
[01:47:20.154][info] [#0:script/workspace/loading.lua:113]: ++++As library of:	file:///home/aboueleyes/.local/share/nvim/lazy/lazy.nvim/lua/lazy
[01:47:20.155][info] [#0:script/workspace/loading.lua:101]: Preload file at: file:///home/aboueleyes/.local/share/nvim/lazy/lazy.nvim/lua/lazy/view/render.lua , size = 23.067 KB
[01:47:20.180][info] [#0:script/workspace/loading.lua:113]: ++++As library of:	file:///home/aboueleyes/.local/share/nvim/lazy/lazy.nvim/lua/lazy
[01:47:20.180][info] [#0:script/workspace/loading.lua:89]: Skip loaded file: file:///home/aboueleyes/.local/share/nvim/lazy/lazy.nvim/lua/lazy/view/render.lua
[01:47:20.180][info] [#0:script/workspace/loading.lua:113]: ++++As library of:	file:///home/aboueleyes/.local/share/nvim/lazy/lazy.nvim/lua/lazy
[01:47:20.181][info] [#0:script/workspace/loading.lua:101]: Preload file at: file:///home/aboueleyes/.local/share/nvim/lazy/lazy.nvim/lua/lazy/view/float.lua , size = 9.527 KB
[01:47:20.187][info] [#0:script/workspace/loading.lua:113]: ++++As library of:	file:///home/aboueleyes/.local/share/nvim/lazy/lazy.nvim/lua/lazy
[01:47:20.187][info] [#0:script/workspace/loading.lua:98]: Skip loaded file: file:///home/aboueleyes/.local/share/nvim/lazy/lazy.nvim/lua/lazy/view/float.lua
[01:47:20.188][info] [#0:script/workspace/loading.lua:101]: Preload file at: file:///home/aboueleyes/.local/share/nvim/lazy/lazy.nvim/lua/lazy/view/text.lua , size = 3.813 KB
[01:47:20.191][info] [#0:script/workspace/loading.lua:113]: ++++As library of:	file:///home/aboueleyes/.local/share/nvim/lazy/lazy.nvim/lua/lazy
[01:47:20.191][info] [#0:script/workspace/loading.lua:89]: Skip loaded file: file:///home/aboueleyes/.local/share/nvim/lazy/lazy.nvim/lua/lazy/view/text.lua
[01:47:20.191][info] [#0:script/workspace/loading.lua:113]: ++++As library of:	file:///home/aboueleyes/.local/share/nvim/lazy/lazy.nvim/lua/lazy
[01:47:20.191][info] [#0:script/workspace/loading.lua:101]: Preload file at: file:///home/aboueleyes/.local/share/nvim/lazy/lazy.nvim/lua/lazy/view/sections.lua , size = 2.430 KB
[01:47:20.192][info] [#0:script/workspace/loading.lua:113]: ++++As library of:	file:///home/aboueleyes/.local/share/nvim/lazy/lazy.nvim/lua/lazy
[01:47:20.192][info] [#0:script/workspace/loading.lua:89]: Skip loaded file: file:///home/aboueleyes/.local/share/nvim/lazy/lazy.nvim/lua/lazy/view/sections.lua
[01:47:20.192][info] [#0:script/workspace/loading.lua:113]: ++++As library of:	file:///home/aboueleyes/.local/share/nvim/lazy/lazy.nvim/lua/lazy
[01:47:20.193][info] [#0:script/workspace/loading.lua:101]: Preload file at: file:///home/aboueleyes/.local/share/nvim/lazy/lazy.nvim/lua/lazy/view/init.lua , size = 9.179 KB
[01:47:20.198][info] [#0:script/workspace/loading.lua:113]: ++++As library of:	file:///home/aboueleyes/.local/share/nvim/lazy/lazy.nvim/lua/lazy
[01:47:20.198][info] [#0:script/workspace/loading.lua:98]: Skip loaded file: file:///home/aboueleyes/.local/share/nvim/lazy/lazy.nvim/lua/lazy/view/init.lua
[01:47:20.198][info] [#0:script/workspace/loading.lua:101]: Preload file at: file:///home/aboueleyes/.local/share/nvim/lazy/lazy.nvim/lua/lazy/minit.lua , size = 4.643 KB
[01:47:20.201][info] [#0:script/workspace/loading.lua:113]: ++++As library of:	file:///home/aboueleyes/.local/share/nvim/lazy/lazy.nvim/lua/lazy
[01:47:20.201][info] [#0:script/workspace/loading.lua:98]: Skip loaded file: file:///home/aboueleyes/.local/share/nvim/lazy/lazy.nvim/lua/lazy/minit.lua
[01:47:20.201][info] [#0:script/workspace/loading.lua:101]: Preload file at: file:///home/aboueleyes/.local/share/nvim/lazy/lazy.nvim/lua/lazy/pkg/packspec.lua , size = 1.137 KB
[01:47:20.202][info] [#0:script/workspace/loading.lua:113]: ++++As library of:	file:///home/aboueleyes/.local/share/nvim/lazy/lazy.nvim/lua/lazy
[01:47:20.202][info] [#0:script/workspace/loading.lua:89]: Skip loaded file: file:///home/aboueleyes/.local/share/nvim/lazy/lazy.nvim/lua/lazy/pkg/packspec.lua
[01:47:20.202][info] [#0:script/workspace/loading.lua:113]: ++++As library of:	file:///home/aboueleyes/.local/share/nvim/lazy/lazy.nvim/lua/lazy
[01:47:20.203][info] [#0:script/workspace/loading.lua:101]: Preload file at: file:///home/aboueleyes/.local/share/nvim/lazy/lazy.nvim/lua/lazy/pkg/lazy.lua , size = 0.720 KB
[01:47:20.203][info] [#0:script/workspace/loading.lua:113]: ++++As library of:	file:///home/aboueleyes/.local/share/nvim/lazy/lazy.nvim/lua/lazy
[01:47:20.203][info] [#0:script/workspace/loading.lua:89]: Skip loaded file: file:///home/aboueleyes/.local/share/nvim/lazy/lazy.nvim/lua/lazy/pkg/lazy.lua
[01:47:20.203][info] [#0:script/workspace/loading.lua:113]: ++++As library of:	file:///home/aboueleyes/.local/share/nvim/lazy/lazy.nvim/lua/lazy
[01:47:20.204][info] [#0:script/workspace/loading.lua:101]: Preload file at: file:///home/aboueleyes/.local/share/nvim/lazy/lazy.nvim/lua/lazy/pkg/init.lua , size = 3.028 KB
[01:47:20.206][info] [#0:script/workspace/loading.lua:113]: ++++As library of:	file:///home/aboueleyes/.local/share/nvim/lazy/lazy.nvim/lua/lazy
[01:47:20.206][info] [#0:script/workspace/loading.lua:89]: Skip loaded file: file:///home/aboueleyes/.local/share/nvim/lazy/lazy.nvim/lua/lazy/pkg/init.lua
[01:47:20.206][info] [#0:script/workspace/loading.lua:113]: ++++As library of:	file:///home/aboueleyes/.local/share/nvim/lazy/lazy.nvim/lua/lazy
[01:47:20.206][info] [#0:script/workspace/loading.lua:101]: Preload file at: file:///home/aboueleyes/.local/share/nvim/lazy/lazy.nvim/lua/lazy/pkg/rockspec.lua , size = 7.989 KB
[01:47:20.211][info] [#0:script/workspace/loading.lua:113]: ++++As library of:	file:///home/aboueleyes/.local/share/nvim/lazy/lazy.nvim/lua/lazy
[01:47:20.211][info] [#0:script/workspace/loading.lua:89]: Skip loaded file: file:///home/aboueleyes/.local/share/nvim/lazy/lazy.nvim/lua/lazy/pkg/rockspec.lua
[01:47:20.211][info] [#0:script/workspace/loading.lua:113]: ++++As library of:	file:///home/aboueleyes/.local/share/nvim/lazy/lazy.nvim/lua/lazy
[01:47:20.211][info] [#0:script/workspace/loading.lua:101]: Preload file at: file:///home/aboueleyes/.local/share/nvim/lazy/lazy.nvim/lua/lazy/init.lua , size = 3.749 KB
[01:47:20.213][info] [#0:script/workspace/loading.lua:113]: ++++As library of:	file:///home/aboueleyes/.local/share/nvim/lazy/lazy.nvim/lua/lazy
[01:47:20.213][info] [#0:script/workspace/loading.lua:98]: Skip loaded file: file:///home/aboueleyes/.local/share/nvim/lazy/lazy.nvim/lua/lazy/init.lua
[01:47:20.214][info] [#0:script/workspace/loading.lua:101]: Preload file at: file:///home/aboueleyes/.local/share/nvim/lazy/lazy.nvim/lua/lazy/health.lua , size = 5.752 KB
[01:47:20.217][info] [#0:script/workspace/loading.lua:113]: ++++As library of:	file:///home/aboueleyes/.local/share/nvim/lazy/lazy.nvim/lua/lazy
[01:47:20.217][info] [#0:script/workspace/loading.lua:98]: Skip loaded file: file:///home/aboueleyes/.local/share/nvim/lazy/lazy.nvim/lua/lazy/health.lua
[01:47:20.217][info] [#0:script/workspace/loading.lua:101]: Preload file at: file:///usr/share/nvim/runtime/lua/coxpcall.lua , size = 3.451 KB
[01:47:20.219][info] [#0:script/workspace/loading.lua:113]: ++++As library of:	file:///usr/share/nvim/runtime/lua
[01:47:20.219][info] [#0:script/workspace/loading.lua:98]: Skip loaded file: file:///usr/share/nvim/runtime/lua/coxpcall.lua
[01:47:20.220][info] [#0:script/workspace/loading.lua:101]: Preload file at: file:///usr/share/nvim/runtime/lua/tohtml.lua , size = 42.432 KB
[01:47:20.245][info] [#0:script/workspace/loading.lua:113]: ++++As library of:	file:///usr/share/nvim/runtime/lua
[01:47:20.245][info] [#0:script/workspace/loading.lua:98]: Skip loaded file: file:///usr/share/nvim/runtime/lua/tohtml.lua
[01:47:20.245][info] [#0:script/workspace/loading.lua:101]: Preload file at: file:///usr/share/nvim/runtime/lua/vim/diagnostic.lua , size = 69.062 KB
[01:47:20.293][info] [#0:script/workspace/loading.lua:113]: ++++As library of:	file:///usr/share/nvim/runtime/lua
[01:47:20.293][info] [#0:script/workspace/loading.lua:89]: Skip loaded file: file:///usr/share/nvim/runtime/lua/vim/diagnostic.lua
[01:47:20.293][info] [#0:script/workspace/loading.lua:113]: ++++As library of:	file:///usr/share/nvim/runtime/lua
[01:47:20.294][info] [#0:script/workspace/loading.lua:101]: Preload file at: file:///usr/share/nvim/runtime/lua/vim/F.lua , size = 1.076 KB
[01:47:20.295][info] [#0:script/workspace/loading.lua:113]: ++++As library of:	file:///usr/share/nvim/runtime/lua
[01:47:20.295][info] [#0:script/workspace/loading.lua:98]: Skip loaded file: file:///usr/share/nvim/runtime/lua/vim/F.lua
[01:47:20.295][info] [#0:script/workspace/loading.lua:101]: Preload file at: file:///usr/share/nvim/runtime/lua/vim/secure.lua , size = 5.018 KB
[01:47:20.298][info] [#0:script/workspace/loading.lua:113]: ++++As library of:	file:///usr/share/nvim/runtime/lua
[01:47:20.298][info] [#0:script/workspace/loading.lua:98]: Skip loaded file: file:///usr/share/nvim/runtime/lua/vim/secure.lua
[01:47:20.298][info] [#0:script/workspace/loading.lua:101]: Preload file at: file:///usr/share/nvim/runtime/lua/vim/_inspector.lua , size = 7.494 KB
[01:47:20.302][info] [#0:script/workspace/loading.lua:113]: ++++As library of:	file:///usr/share/nvim/runtime/lua
[01:47:20.302][info] [#0:script/workspace/loading.lua:98]: Skip loaded file: file:///usr/share/nvim/runtime/lua/vim/_inspector.lua
[01:47:20.304][info] [#0:script/workspace/loading.lua:101]: Preload file at: file:///usr/share/nvim/runtime/lua/vim/_meta/vimfn.lua , size = 398.840 KB
[01:47:20.430][info] [#0:script/workspace/loading.lua:113]: ++++As library of:	file:///usr/share/nvim/runtime/lua
[01:47:20.430][info] [#0:script/workspace/loading.lua:98]: Skip loaded file: file:///usr/share/nvim/runtime/lua/vim/_meta/vimfn.lua
[01:47:20.430][info] [#0:script/workspace/loading.lua:101]: Preload file at: file:///usr/share/nvim/runtime/lua/vim/_meta/api.lua , size = 97.321 KB
[01:47:20.461][info] [#0:script/workspace/loading.lua:113]: ++++As library of:	file:///usr/share/nvim/runtime/lua
[01:47:20.461][info] [#0:script/workspace/loading.lua:98]: Skip loaded file: file:///usr/share/nvim/runtime/lua/vim/_meta/api.lua
[01:47:20.461][info] [#0:script/workspace/loading.lua:101]: Preload file at: file:///usr/share/nvim/runtime/lua/vim/_meta/diff.lua , size = 2.479 KB
[01:47:20.463][info] [#0:script/workspace/loading.lua:113]: ++++As library of:	file:///usr/share/nvim/runtime/lua
[01:47:20.463][info] [#0:script/workspace/loading.lua:98]: Skip loaded file: file:///usr/share/nvim/runtime/lua/vim/_meta/diff.lua
[01:47:20.463][info] [#0:script/workspace/loading.lua:101]: Preload file at: file:///usr/share/nvim/runtime/lua/vim/_meta/spell.lua , size = 0.943 KB
[01:47:20.463][info] [#0:script/workspace/loading.lua:113]: ++++As library of:	file:///usr/share/nvim/runtime/lua
[01:47:20.463][info] [#0:script/workspace/loading.lua:98]: Skip loaded file: file:///usr/share/nvim/runtime/lua/vim/_meta/spell.lua
[01:47:20.463][info] [#0:script/workspace/loading.lua:101]: Preload file at: file:///usr/share/nvim/runtime/lua/vim/_meta/lpeg.lua , size = 15.348 KB
[01:47:20.469][info] [#0:script/workspace/loading.lua:113]: ++++As library of:	file:///usr/share/nvim/runtime/lua
[01:47:20.469][info] [#0:script/workspace/loading.lua:98]: Skip loaded file: file:///usr/share/nvim/runtime/lua/vim/_meta/lpeg.lua
[01:47:20.469][info] [#0:script/workspace/loading.lua:101]: Preload file at: file:///usr/share/nvim/runtime/lua/vim/_meta/json.lua , size = 1.359 KB
[01:47:20.469][info] [#0:script/workspace/loading.lua:113]: ++++As library of:	file:///usr/share/nvim/runtime/lua
[01:47:20.469][info] [#0:script/workspace/loading.lua:98]: Skip loaded file: file:///usr/share/nvim/runtime/lua/vim/_meta/json.lua
[01:47:20.470][info] [#0:script/workspace/loading.lua:101]: Preload file at: file:///usr/share/nvim/runtime/lua/vim/_meta/vvars.lua , size = 25.272 KB
[01:47:20.478][info] [#0:script/workspace/loading.lua:113]: ++++As library of:	file:///usr/share/nvim/runtime/lua
[01:47:20.478][info] [#0:script/workspace/loading.lua:98]: Skip loaded file: file:///usr/share/nvim/runtime/lua/vim/_meta/vvars.lua
[01:47:20.479][info] [#0:script/workspace/loading.lua:101]: Preload file at: file:///usr/share/nvim/runtime/lua/vim/_meta/options.lua , size = 323.847 KB
[01:47:20.602][info] [#0:script/workspace/loading.lua:113]: ++++As library of:	file:///usr/share/nvim/runtime/lua
[01:47:20.602][info] [#0:script/workspace/loading.lua:101]: Preload file at: file:///usr/share/nvim/runtime/lua/vim/_meta/base64.lua , size = 0.307 KB
[01:47:20.603][info] [#0:script/workspace/loading.lua:113]: ++++As library of:	file:///usr/share/nvim/runtime/lua
[01:47:20.603][info] [#0:script/workspace/loading.lua:98]: Skip loaded file: file:///usr/share/nvim/runtime/lua/vim/_meta/base64.lua
[01:47:20.603][info] [#0:script/workspace/loading.lua:101]: Preload file at: file:///usr/share/nvim/runtime/lua/vim/_meta/mpack.lua , size = 0.478 KB
[01:47:20.603][info] [#0:script/workspace/loading.lua:113]: ++++As library of:	file:///usr/share/nvim/runtime/lua
[01:47:20.603][info] [#0:script/workspace/loading.lua:98]: Skip loaded file: file:///usr/share/nvim/runtime/lua/vim/_meta/mpack.lua
[01:47:20.603][info] [#0:script/workspace/loading.lua:101]: Preload file at: file:///usr/share/nvim/runtime/lua/vim/_meta/builtin_types.lua , size = 3.362 KB
[01:47:20.605][info] [#0:script/workspace/loading.lua:113]: ++++As library of:	file:///usr/share/nvim/runtime/lua
[01:47:20.606][info] [#0:script/workspace/loading.lua:98]: Skip loaded file: file:///usr/share/nvim/runtime/lua/vim/_meta/options.lua
[01:47:20.606][info] [#0:script/workspace/loading.lua:89]: Skip loaded file: file:///usr/share/nvim/runtime/lua/vim/_meta/builtin_types.lua
[01:47:20.606][info] [#0:script/workspace/loading.lua:113]: ++++As library of:	file:///usr/share/nvim/runtime/lua
[01:47:20.606][info] [#0:script/workspace/loading.lua:101]: Preload file at: file:///usr/share/nvim/runtime/lua/vim/_meta/re.lua , size = 2.217 KB
[01:47:20.607][info] [#0:script/workspace/loading.lua:113]: ++++As library of:	file:///usr/share/nvim/runtime/lua
[01:47:20.607][info] [#0:script/workspace/loading.lua:89]: Skip loaded file: file:///usr/share/nvim/runtime/lua/vim/_meta/re.lua
[01:47:20.607][info] [#0:script/workspace/loading.lua:113]: ++++As library of:	file:///usr/share/nvim/runtime/lua
[01:47:20.607][info] [#0:script/workspace/loading.lua:101]: Preload file at: file:///usr/share/nvim/runtime/lua/vim/_meta/api_keysets_extra.lua , size = 4.535 KB
[01:47:20.610][info] [#0:script/workspace/loading.lua:113]: ++++As library of:	file:///usr/share/nvim/runtime/lua
[01:47:20.610][info] [#0:script/workspace/loading.lua:89]: Skip loaded file: file:///usr/share/nvim/runtime/lua/vim/_meta/api_keysets_extra.lua
[01:47:20.610][info] [#0:script/workspace/loading.lua:113]: ++++As library of:	file:///usr/share/nvim/runtime/lua
[01:47:20.611][info] [#0:script/workspace/loading.lua:101]: Preload file at: file:///usr/share/nvim/runtime/lua/vim/_meta/builtin.lua , size = 11.183 KB
[01:47:20.613][info] [#0:script/workspace/loading.lua:113]: ++++As library of:	file:///usr/share/nvim/runtime/lua
[01:47:20.613][info] [#0:script/workspace/loading.lua:89]: Skip loaded file: file:///usr/share/nvim/runtime/lua/vim/_meta/builtin.lua
[01:47:20.613][info] [#0:script/workspace/loading.lua:113]: ++++As library of:	file:///usr/share/nvim/runtime/lua
[01:47:20.614][info] [#0:script/workspace/loading.lua:101]: Preload file at: file:///usr/share/nvim/runtime/lua/vim/_meta/misc.lua , size = 0.291 KB
[01:47:20.614][info] [#0:script/workspace/loading.lua:113]: ++++As library of:	file:///usr/share/nvim/runtime/lua
[01:47:20.614][info] [#0:script/workspace/loading.lua:89]: Skip loaded file: file:///usr/share/nvim/runtime/lua/vim/_meta/misc.lua
[01:47:20.614][info] [#0:script/workspace/loading.lua:113]: ++++As library of:	file:///usr/share/nvim/runtime/lua
[01:47:20.615][info] [#0:script/workspace/loading.lua:101]: Preload file at: file:///usr/share/nvim/runtime/lua/vim/_meta/api_keysets.lua , size = 8.292 KB
[01:47:20.619][info] [#0:script/workspace/loading.lua:113]: ++++As library of:	file:///usr/share/nvim/runtime/lua
[01:47:20.619][info] [#0:script/workspace/loading.lua:89]: Skip loaded file: file:///usr/share/nvim/runtime/lua/vim/_meta/api_keysets.lua
[01:47:20.619][info] [#0:script/workspace/loading.lua:113]: ++++As library of:	file:///usr/share/nvim/runtime/lua
[01:47:20.619][info] [#0:script/workspace/loading.lua:101]: Preload file at: file:///usr/share/nvim/runtime/lua/vim/_meta/regex.lua , size = 1.347 KB
[01:47:20.620][info] [#0:script/workspace/loading.lua:113]: ++++As library of:	file:///usr/share/nvim/runtime/lua
[01:47:20.620][info] [#0:script/workspace/loading.lua:89]: Skip loaded file: file:///usr/share/nvim/runtime/lua/vim/_meta/regex.lua
[01:47:20.620][info] [#0:script/workspace/loading.lua:113]: ++++As library of:	file:///usr/share/nvim/runtime/lua
[01:47:20.621][info] [#0:script/workspace/loading.lua:101]: Preload file at: file:///usr/share/nvim/runtime/lua/vim/inspect.lua , size = 8.864 KB
[01:47:20.625][info] [#0:script/workspace/loading.lua:113]: ++++As library of:	file:///usr/share/nvim/runtime/lua
[01:47:20.625][info] [#0:script/workspace/loading.lua:89]: Skip loaded file: file:///usr/share/nvim/runtime/lua/vim/inspect.lua
[01:47:20.625][info] [#0:script/workspace/loading.lua:113]: ++++As library of:	file:///usr/share/nvim/runtime/lua
[01:47:20.625][info] [#0:script/workspace/loading.lua:101]: Preload file at: file:///usr/share/nvim/runtime/lua/vim/_comment.lua , size = 8.743 KB
[01:47:20.629][info] [#0:script/workspace/loading.lua:113]: ++++As library of:	file:///usr/share/nvim/runtime/lua
[01:47:20.629][info] [#0:script/workspace/loading.lua:89]: Skip loaded file: file:///usr/share/nvim/runtime/lua/vim/_comment.lua
[01:47:20.629][info] [#0:script/workspace/loading.lua:113]: ++++As library of:	file:///usr/share/nvim/runtime/lua
[01:47:20.630][info] [#0:script/workspace/loading.lua:101]: Preload file at: file:///usr/share/nvim/runtime/lua/vim/_init_packages.lua , size = 3.023 KB
[01:47:20.631][info] [#0:script/workspace/loading.lua:113]: ++++As library of:	file:///usr/share/nvim/runtime/lua
[01:47:20.631][info] [#0:script/workspace/loading.lua:89]: Skip loaded file: file:///usr/share/nvim/runtime/lua/vim/_init_packages.lua
[01:47:20.631][info] [#0:script/workspace/loading.lua:113]: ++++As library of:	file:///usr/share/nvim/runtime/lua
[01:47:20.632][info] [#0:script/workspace/loading.lua:101]: Preload file at: file:///usr/share/nvim/runtime/lua/vim/glob.lua , size = 3.001 KB
[01:47:20.634][info] [#0:script/workspace/loading.lua:113]: ++++As library of:	file:///usr/share/nvim/runtime/lua
[01:47:20.634][info] [#0:script/workspace/loading.lua:98]: Skip loaded file: file:///usr/share/nvim/runtime/lua/vim/glob.lua
[01:47:20.634][info] [#0:script/workspace/loading.lua:101]: Preload file at: file:///usr/share/nvim/runtime/lua/vim/treesitter.lua , size = 14.036 KB
[01:47:20.640][info] [#0:script/workspace/loading.lua:113]: ++++As library of:	file:///usr/share/nvim/runtime/lua
[01:47:20.640][info] [#0:script/workspace/loading.lua:89]: Skip loaded file: file:///usr/share/nvim/runtime/lua/vim/treesitter.lua
[01:47:20.640][info] [#0:script/workspace/loading.lua:113]: ++++As library of:	file:///usr/share/nvim/runtime/lua
[01:47:20.640][info] [#0:script/workspace/loading.lua:101]: Preload file at: file:///usr/share/nvim/runtime/lua/vim/treesitter/_range.lua , size = 3.869 KB
[01:47:20.644][info] [#0:script/workspace/loading.lua:113]: ++++As library of:	file:///usr/share/nvim/runtime/lua
[01:47:20.644][info] [#0:script/workspace/loading.lua:89]: Skip loaded file: file:///usr/share/nvim/runtime/lua/vim/treesitter/_range.lua
[01:47:20.644][info] [#0:script/workspace/loading.lua:113]: ++++As library of:	file:///usr/share/nvim/runtime/lua
[01:47:20.644][info] [#0:script/workspace/loading.lua:101]: Preload file at: file:///usr/share/nvim/runtime/lua/vim/treesitter/languagetree.lua , size = 33.292 KB
[01:47:20.662][info] [#0:script/workspace/loading.lua:113]: ++++As library of:	file:///usr/share/nvim/runtime/lua
[01:47:20.663][info] [#0:script/workspace/loading.lua:98]: Skip loaded file: file:///usr/share/nvim/runtime/lua/vim/treesitter/languagetree.lua
[01:47:20.663][info] [#0:script/workspace/loading.lua:101]: Preload file at: file:///usr/share/nvim/runtime/lua/vim/treesitter/language.lua , size = 3.684 KB
[01:47:20.665][info] [#0:script/workspace/loading.lua:113]: ++++As library of:	file:///usr/share/nvim/runtime/lua
[01:47:20.666][info] [#0:script/workspace/loading.lua:98]: Skip loaded file: file:///usr/share/nvim/runtime/lua/vim/treesitter/language.lua
[01:47:20.666][info] [#0:script/workspace/loading.lua:101]: Preload file at: file:///usr/share/nvim/runtime/lua/vim/treesitter/highlighter.lua , size = 11.811 KB
[01:47:20.673][info] [#0:script/workspace/loading.lua:113]: ++++As library of:	file:///usr/share/nvim/runtime/lua
[01:47:20.673][info] [#0:script/workspace/loading.lua:89]: Skip loaded file: file:///usr/share/nvim/runtime/lua/vim/treesitter/highlighter.lua
[01:47:20.673][info] [#0:script/workspace/loading.lua:113]: ++++As library of:	file:///usr/share/nvim/runtime/lua
[01:47:20.673][info] [#0:script/workspace/loading.lua:101]: Preload file at: file:///usr/share/nvim/runtime/lua/vim/treesitter/_fold.lua , size = 14.081 KB
[01:47:20.680][info] [#0:script/workspace/loading.lua:113]: ++++As library of:	file:///usr/share/nvim/runtime/lua
[01:47:20.680][info] [#0:script/workspace/loading.lua:89]: Skip loaded file: file:///usr/share/nvim/runtime/lua/vim/treesitter/_fold.lua
[01:47:20.680][info] [#0:script/workspace/loading.lua:113]: ++++As library of:	file:///usr/share/nvim/runtime/lua
[01:47:20.680][info] [#0:script/workspace/loading.lua:101]: Preload file at: file:///usr/share/nvim/runtime/lua/vim/treesitter/_meta.lua , size = 4.483 KB
[01:47:20.684][info] [#0:script/workspace/loading.lua:113]: ++++As library of:	file:///usr/share/nvim/runtime/lua
[01:47:20.684][info] [#0:script/workspace/loading.lua:89]: Skip loaded file: file:///usr/share/nvim/runtime/lua/vim/treesitter/_meta.lua
[01:47:20.684][info] [#0:script/workspace/loading.lua:113]: ++++As library of:	file:///usr/share/nvim/runtime/lua
[01:47:20.685][info] [#0:script/workspace/loading.lua:101]: Preload file at: file:///usr/share/nvim/runtime/lua/vim/treesitter/dev.lua , size = 19.459 KB
[01:47:20.696][info] [#0:script/workspace/loading.lua:113]: ++++As library of:	file:///usr/share/nvim/runtime/lua
[01:47:20.696][info] [#0:script/workspace/loading.lua:98]: Skip loaded file: file:///usr/share/nvim/runtime/lua/vim/treesitter/dev.lua
[01:47:20.696][info] [#0:script/workspace/loading.lua:101]: Preload file at: file:///usr/share/nvim/runtime/lua/vim/treesitter/query.lua , size = 32.301 KB
[01:47:20.712][info] [#0:script/workspace/loading.lua:113]: ++++As library of:	file:///usr/share/nvim/runtime/lua
[01:47:20.712][info] [#0:script/workspace/loading.lua:98]: Skip loaded file: file:///usr/share/nvim/runtime/lua/vim/treesitter/query.lua
[01:47:20.712][info] [#0:script/workspace/loading.lua:101]: Preload file at: file:///usr/share/nvim/runtime/lua/vim/treesitter/_query_linter.lua , size = 7.637 KB
[01:47:20.717][info] [#0:script/workspace/loading.lua:113]: ++++As library of:	file:///usr/share/nvim/runtime/lua
[01:47:20.717][info] [#0:script/workspace/loading.lua:98]: Skip loaded file: file:///usr/share/nvim/runtime/lua/vim/treesitter/_query_linter.lua
[01:47:20.718][info] [#0:script/workspace/loading.lua:101]: Preload file at: file:///usr/share/nvim/runtime/lua/vim/treesitter/health.lua , size = 0.856 KB
[01:47:20.718][info] [#0:script/workspace/loading.lua:113]: ++++As library of:	file:///usr/share/nvim/runtime/lua
[01:47:20.718][info] [#0:script/workspace/loading.lua:98]: Skip loaded file: file:///usr/share/nvim/runtime/lua/vim/treesitter/health.lua
[01:47:20.719][info] [#0:script/workspace/loading.lua:101]: Preload file at: file:///usr/share/nvim/runtime/lua/vim/_watch.lua , size = 8.901 KB
[01:47:20.724][info] [#0:script/workspace/loading.lua:113]: ++++As library of:	file:///usr/share/nvim/runtime/lua
[01:47:20.724][info] [#0:script/workspace/loading.lua:89]: Skip loaded file: file:///usr/share/nvim/runtime/lua/vim/_watch.lua
[01:47:20.724][info] [#0:script/workspace/loading.lua:113]: ++++As library of:	file:///usr/share/nvim/runtime/lua
[01:47:20.724][info] [#0:script/workspace/loading.lua:101]: Preload file at: file:///usr/share/nvim/runtime/lua/vim/_system.lua , size = 9.135 KB
[01:47:20.731][info] [#0:script/workspace/loading.lua:113]: ++++As library of:	file:///usr/share/nvim/runtime/lua
[01:47:20.731][info] [#0:script/workspace/loading.lua:98]: Skip loaded file: file:///usr/share/nvim/runtime/lua/vim/_system.lua
[01:47:20.731][info] [#0:script/workspace/loading.lua:101]: Preload file at: file:///usr/share/nvim/runtime/lua/vim/lsp.lua , size = 40.430 KB
[01:47:20.752][info] [#0:script/workspace/loading.lua:113]: ++++As library of:	file:///usr/share/nvim/runtime/lua
[01:47:20.753][info] [#0:script/workspace/loading.lua:98]: Skip loaded file: file:///usr/share/nvim/runtime/lua/vim/lsp.lua
[01:47:20.753][info] [#0:script/workspace/loading.lua:101]: Preload file at: file:///usr/share/nvim/runtime/lua/vim/ui/clipboard/osc52.lua , size = 2.137 KB
[01:47:20.755][info] [#0:script/workspace/loading.lua:113]: ++++As library of:	file:///usr/share/nvim/runtime/lua
[01:47:20.755][info] [#0:script/workspace/loading.lua:98]: Skip loaded file: file:///usr/share/nvim/runtime/lua/vim/ui/clipboard/osc52.lua
[01:47:20.755][info] [#0:script/workspace/loading.lua:101]: Preload file at: file:///usr/share/nvim/runtime/lua/vim/uri.lua , size = 3.569 KB
[01:47:20.758][info] [#0:script/workspace/loading.lua:113]: ++++As library of:	file:///usr/share/nvim/runtime/lua
[01:47:20.758][info] [#0:script/workspace/loading.lua:98]: Skip loaded file: file:///usr/share/nvim/runtime/lua/vim/uri.lua
[01:47:20.758][info] [#0:script/workspace/loading.lua:101]: Preload file at: file:///usr/share/nvim/runtime/lua/vim/provider.lua , size = 0.197 KB
[01:47:20.758][info] [#0:script/workspace/loading.lua:113]: ++++As library of:	file:///usr/share/nvim/runtime/lua
[01:47:20.758][info] [#0:script/workspace/loading.lua:98]: Skip loaded file: file:///usr/share/nvim/runtime/lua/vim/provider.lua
[01:47:20.759][info] [#0:script/workspace/loading.lua:101]: Preload file at: file:///usr/share/nvim/runtime/lua/vim/keymap.lua , size = 3.682 KB
[01:47:20.761][info] [#0:script/workspace/loading.lua:113]: ++++As library of:	file:///usr/share/nvim/runtime/lua
[01:47:20.761][info] [#0:script/workspace/loading.lua:98]: Skip loaded file: file:///usr/share/nvim/runtime/lua/vim/keymap.lua
[01:47:20.761][info] [#0:script/workspace/loading.lua:101]: Preload file at: file:///usr/share/nvim/runtime/lua/vim/func/_memoize.lua , size = 1.354 KB
[01:47:20.763][info] [#0:script/workspace/loading.lua:113]: ++++As library of:	file:///usr/share/nvim/runtime/lua
[01:47:20.763][info] [#0:script/workspace/loading.lua:89]: Skip loaded file: file:///usr/share/nvim/runtime/lua/vim/func/_memoize.lua
[01:47:20.763][info] [#0:script/workspace/loading.lua:113]: ++++As library of:	file:///usr/share/nvim/runtime/lua
[01:47:20.763][info] [#0:script/workspace/loading.lua:101]: Preload file at: file:///usr/share/nvim/runtime/lua/vim/shared.lua , size = 29.331 KB
[01:47:20.781][info] [#0:script/workspace/loading.lua:113]: ++++As library of:	file:///usr/share/nvim/runtime/lua
[01:47:20.781][info] [#0:script/workspace/loading.lua:98]: Skip loaded file: file:///usr/share/nvim/runtime/lua/vim/shared.lua
[01:47:20.781][info] [#0:script/workspace/loading.lua:101]: Preload file at: file:///usr/share/nvim/runtime/lua/vim/func.lua , size = 1.753 KB
[01:47:20.782][info] [#0:script/workspace/loading.lua:113]: ++++As library of:	file:///usr/share/nvim/runtime/lua
[01:47:20.782][info] [#0:script/workspace/loading.lua:98]: Skip loaded file: file:///usr/share/nvim/runtime/lua/vim/func.lua
[01:47:20.782][info] [#0:script/workspace/loading.lua:101]: Preload file at: file:///usr/share/nvim/runtime/lua/vim/_options.lua , size = 25.519 KB
[01:47:20.792][info] [#0:script/workspace/loading.lua:113]: ++++As library of:	file:///usr/share/nvim/runtime/lua
[01:47:20.792][info] [#0:script/workspace/loading.lua:89]: Skip loaded file: file:///usr/share/nvim/runtime/lua/vim/_options.lua
[01:47:20.792][info] [#0:script/workspace/loading.lua:113]: ++++As library of:	file:///usr/share/nvim/runtime/lua
[01:47:20.793][info] [#0:script/workspace/loading.lua:101]: Preload file at: file:///usr/share/nvim/runtime/lua/vim/_editor.lua , size = 34.328 KB
[01:47:20.811][info] [#0:script/workspace/loading.lua:113]: ++++As library of:	file:///usr/share/nvim/runtime/lua
[01:47:20.811][info] [#0:script/workspace/loading.lua:98]: Skip loaded file: file:///usr/share/nvim/runtime/lua/vim/_editor.lua
[01:47:20.812][info] [#0:script/workspace/loading.lua:101]: Preload file at: file:///usr/share/nvim/runtime/lua/vim/lsp/diagnostic.lua , size = 14.102 KB
[01:47:20.820][info] [#0:script/workspace/loading.lua:113]: ++++As library of:	file:///usr/share/nvim/runtime/lua
[01:47:20.820][info] [#0:script/workspace/loading.lua:89]: Skip loaded file: file:///usr/share/nvim/runtime/lua/vim/lsp/diagnostic.lua
[01:47:20.820][info] [#0:script/workspace/loading.lua:113]: ++++As library of:	file:///usr/share/nvim/runtime/lua
[01:47:20.820][info] [#0:script/workspace/loading.lua:101]: Preload file at: file:///usr/share/nvim/runtime/lua/vim/lsp/client.lua , size = 38.013 KB
[01:47:20.905][info] [#0:script/workspace/loading.lua:113]: ++++As library of:	file:///usr/share/nvim/runtime/lua
[01:47:20.906][info] [#0:script/workspace/loading.lua:89]: Skip loaded file: file:///usr/share/nvim/runtime/lua/vim/lsp/client.lua
[01:47:20.906][info] [#0:script/workspace/loading.lua:113]: ++++As library of:	file:///usr/share/nvim/runtime/lua
[01:47:20.906][info] [#0:script/workspace/loading.lua:101]: Preload file at: file:///usr/share/nvim/runtime/lua/vim/lsp/log.lua , size = 4.673 KB
[01:47:20.910][info] [#0:script/workspace/loading.lua:113]: ++++As library of:	file:///usr/share/nvim/runtime/lua
[01:47:20.910][info] [#0:script/workspace/loading.lua:89]: Skip loaded file: file:///usr/share/nvim/runtime/lua/vim/lsp/log.lua
[01:47:20.910][info] [#0:script/workspace/loading.lua:113]: ++++As library of:	file:///usr/share/nvim/runtime/lua
[01:47:20.910][info] [#0:script/workspace/loading.lua:101]: Preload file at: file:///usr/share/nvim/runtime/lua/vim/lsp/_meta/protocol.lua , size = 175.343 KB
[01:47:20.974][info] [#0:script/workspace/loading.lua:113]: ++++As library of:	file:///usr/share/nvim/runtime/lua
[01:47:20.974][info] [#0:script/workspace/loading.lua:101]: Preload file at: file:///usr/share/nvim/runtime/lua/vim/lsp/handlers.lua , size = 26.781 KB
[01:47:20.987][info] [#0:script/workspace/loading.lua:113]: ++++As library of:	file:///usr/share/nvim/runtime/lua
[01:47:20.987][info] [#0:script/workspace/loading.lua:98]: Skip loaded file: file:///usr/share/nvim/runtime/lua/vim/lsp/_meta/protocol.lua
[01:47:20.987][info] [#0:script/workspace/loading.lua:98]: Skip loaded file: file:///usr/share/nvim/runtime/lua/vim/lsp/handlers.lua
[01:47:20.988][info] [#0:script/workspace/loading.lua:101]: Preload file at: file:///usr/share/nvim/runtime/lua/vim/lsp/_watchfiles.lua , size = 6.889 KB
[01:47:20.991][info] [#0:script/workspace/loading.lua:113]: ++++As library of:	file:///usr/share/nvim/runtime/lua
[01:47:20.992][info] [#0:script/workspace/loading.lua:89]: Skip loaded file: file:///usr/share/nvim/runtime/lua/vim/lsp/_watchfiles.lua
[01:47:20.992][info] [#0:script/workspace/loading.lua:113]: ++++As library of:	file:///usr/share/nvim/runtime/lua
[01:47:20.992][info] [#0:script/workspace/loading.lua:101]: Preload file at: file:///usr/share/nvim/runtime/lua/vim/lsp/protocol.lua , size = 48.943 KB
[01:47:21.001][info] [#0:script/workspace/loading.lua:113]: ++++As library of:	file:///usr/share/nvim/runtime/lua
[01:47:21.001][info] [#0:script/workspace/loading.lua:98]: Skip loaded file: file:///usr/share/nvim/runtime/lua/vim/lsp/protocol.lua
[01:47:21.001][info] [#0:script/workspace/loading.lua:101]: Preload file at: file:///usr/share/nvim/runtime/lua/vim/lsp/sync.lua , size = 16.226 KB
[01:47:21.008][info] [#0:script/workspace/loading.lua:113]: ++++As library of:	file:///usr/share/nvim/runtime/lua
[01:47:21.008][info] [#0:script/workspace/loading.lua:98]: Skip loaded file: file:///usr/share/nvim/runtime/lua/vim/lsp/sync.lua
[01:47:21.008][info] [#0:script/workspace/loading.lua:101]: Preload file at: file:///usr/share/nvim/runtime/lua/vim/lsp/util.lua , size = 76.854 KB
[01:47:21.043][info] [#0:script/workspace/loading.lua:113]: ++++As library of:	file:///usr/share/nvim/runtime/lua
[01:47:21.043][info] [#0:script/workspace/loading.lua:89]: Skip loaded file: file:///usr/share/nvim/runtime/lua/vim/lsp/util.lua
[01:47:21.043][info] [#0:script/workspace/loading.lua:113]: ++++As library of:	file:///usr/share/nvim/runtime/lua
[01:47:21.044][info] [#0:script/workspace/loading.lua:101]: Preload file at: file:///usr/share/nvim/runtime/lua/vim/lsp/_tagfunc.lua , size = 2.787 KB
[01:47:21.046][info] [#0:script/workspace/loading.lua:113]: ++++As library of:	file:///usr/share/nvim/runtime/lua
[01:47:21.046][info] [#0:script/workspace/loading.lua:98]: Skip loaded file: file:///usr/share/nvim/runtime/lua/vim/lsp/_tagfunc.lua
[01:47:21.047][info] [#0:script/workspace/loading.lua:101]: Preload file at: file:///usr/share/nvim/runtime/lua/vim/lsp/buf.lua , size = 30.505 KB
[01:47:21.069][info] [#0:script/workspace/loading.lua:113]: ++++As library of:	file:///usr/share/nvim/runtime/lua
[01:47:21.069][info] [#0:script/workspace/loading.lua:98]: Skip loaded file: file:///usr/share/nvim/runtime/lua/vim/lsp/buf.lua
[01:47:21.070][info] [#0:script/workspace/loading.lua:101]: Preload file at: file:///usr/share/nvim/runtime/lua/vim/lsp/_completion.lua , size = 8.965 KB
[01:47:21.075][info] [#0:script/workspace/loading.lua:113]: ++++As library of:	file:///usr/share/nvim/runtime/lua
[01:47:21.075][info] [#0:script/workspace/loading.lua:89]: Skip loaded file: file:///usr/share/nvim/runtime/lua/vim/lsp/_completion.lua
[01:47:21.075][info] [#0:script/workspace/loading.lua:113]: ++++As library of:	file:///usr/share/nvim/runtime/lua
[01:47:21.076][info] [#0:script/workspace/loading.lua:101]: Preload file at: file:///usr/share/nvim/runtime/lua/vim/lsp/_snippet_grammar.lua , size = 6.179 KB
[01:47:21.080][info] [#0:script/workspace/loading.lua:113]: ++++As library of:	file:///usr/share/nvim/runtime/lua
[01:47:21.081][info] [#0:script/workspace/loading.lua:89]: Skip loaded file: file:///usr/share/nvim/runtime/lua/vim/lsp/_snippet_grammar.lua
[01:47:21.081][info] [#0:script/workspace/loading.lua:113]: ++++As library of:	file:///usr/share/nvim/runtime/lua
[01:47:21.081][info] [#0:script/workspace/loading.lua:101]: Preload file at: file:///usr/share/nvim/runtime/lua/vim/lsp/_meta.lua , size = 0.440 KB
[01:47:21.082][info] [#0:script/workspace/loading.lua:113]: ++++As library of:	file:///usr/share/nvim/runtime/lua
[01:47:21.082][info] [#0:script/workspace/loading.lua:89]: Skip loaded file: file:///usr/share/nvim/runtime/lua/vim/lsp/_meta.lua
[01:47:21.082][info] [#0:script/workspace/loading.lua:113]: ++++As library of:	file:///usr/share/nvim/runtime/lua
[01:47:21.083][info] [#0:script/workspace/loading.lua:101]: Preload file at: file:///usr/share/nvim/runtime/lua/vim/lsp/codelens.lua , size = 9.336 KB
[01:47:21.088][info] [#0:script/workspace/loading.lua:113]: ++++As library of:	file:///usr/share/nvim/runtime/lua
[01:47:21.088][info] [#0:script/workspace/loading.lua:98]: Skip loaded file: file:///usr/share/nvim/runtime/lua/vim/lsp/codelens.lua
[01:47:21.089][info] [#0:script/workspace/loading.lua:101]: Preload file at: file:///usr/share/nvim/runtime/lua/vim/lsp/semantic_tokens.lua , size = 26.396 KB
[01:47:21.101][info] [#0:script/workspace/loading.lua:113]: ++++As library of:	file:///usr/share/nvim/runtime/lua
[01:47:21.102][info] [#0:script/workspace/loading.lua:89]: Skip loaded file: file:///usr/share/nvim/runtime/lua/vim/lsp/semantic_tokens.lua
[01:47:21.102][info] [#0:script/workspace/loading.lua:113]: ++++As library of:	file:///usr/share/nvim/runtime/lua
[01:47:21.102][info] [#0:script/workspace/loading.lua:101]: Preload file at: file:///usr/share/nvim/runtime/lua/vim/lsp/_dynamic.lua , size = 2.973 KB
[01:47:21.105][info] [#0:script/workspace/loading.lua:113]: ++++As library of:	file:///usr/share/nvim/runtime/lua
[01:47:21.105][info] [#0:script/workspace/loading.lua:98]: Skip loaded file: file:///usr/share/nvim/runtime/lua/vim/lsp/_dynamic.lua
[01:47:21.105][info] [#0:script/workspace/loading.lua:101]: Preload file at: file:///usr/share/nvim/runtime/lua/vim/lsp/inlay_hint.lua , size = 12.312 KB
[01:47:21.112][info] [#0:script/workspace/loading.lua:113]: ++++As library of:	file:///usr/share/nvim/runtime/lua
[01:47:21.112][info] [#0:script/workspace/loading.lua:98]: Skip loaded file: file:///usr/share/nvim/runtime/lua/vim/lsp/inlay_hint.lua
[01:47:21.112][info] [#0:script/workspace/loading.lua:101]: Preload file at: file:///usr/share/nvim/runtime/lua/vim/lsp/rpc.lua , size = 26.004 KB
[01:47:21.126][info] [#0:script/workspace/loading.lua:113]: ++++As library of:	file:///usr/share/nvim/runtime/lua
[01:47:21.126][info] [#0:script/workspace/loading.lua:89]: Skip loaded file: file:///usr/share/nvim/runtime/lua/vim/lsp/rpc.lua
[01:47:21.126][info] [#0:script/workspace/loading.lua:113]: ++++As library of:	file:///usr/share/nvim/runtime/lua
[01:47:21.127][info] [#0:script/workspace/loading.lua:101]: Preload file at: file:///usr/share/nvim/runtime/lua/vim/lsp/health.lua , size = 5.398 KB
[01:47:21.131][info] [#0:script/workspace/loading.lua:113]: ++++As library of:	file:///usr/share/nvim/runtime/lua
[01:47:21.131][info] [#0:script/workspace/loading.lua:89]: Skip loaded file: file:///usr/share/nvim/runtime/lua/vim/lsp/health.lua
[01:47:21.131][info] [#0:script/workspace/loading.lua:113]: ++++As library of:	file:///usr/share/nvim/runtime/lua
[01:47:21.131][info] [#0:script/workspace/loading.lua:101]: Preload file at: file:///usr/share/nvim/runtime/lua/vim/lsp/_changetracking.lua , size = 11.492 KB
[01:47:21.138][info] [#0:script/workspace/loading.lua:113]: ++++As library of:	file:///usr/share/nvim/runtime/lua
[01:47:21.138][info] [#0:script/workspace/loading.lua:98]: Skip loaded file: file:///usr/share/nvim/runtime/lua/vim/lsp/_changetracking.lua
[01:47:21.138][info] [#0:script/workspace/loading.lua:101]: Preload file at: file:///usr/share/nvim/runtime/lua/vim/_meta.lua , size = 0.977 KB
[01:47:21.140][info] [#0:script/workspace/loading.lua:113]: ++++As library of:	file:///usr/share/nvim/runtime/lua
[01:47:21.140][info] [#0:script/workspace/loading.lua:89]: Skip loaded file: file:///usr/share/nvim/runtime/lua/vim/_meta.lua
[01:47:21.140][info] [#0:script/workspace/loading.lua:113]: ++++As library of:	file:///usr/share/nvim/runtime/lua
[01:47:21.140][info] [#0:script/workspace/loading.lua:101]: Preload file at: file:///usr/share/nvim/runtime/lua/vim/highlight.lua , size = 4.526 KB
[01:47:21.143][info] [#0:script/workspace/loading.lua:113]: ++++As library of:	file:///usr/share/nvim/runtime/lua
[01:47:21.143][info] [#0:script/workspace/loading.lua:89]: Skip loaded file: file:///usr/share/nvim/runtime/lua/vim/highlight.lua
[01:47:21.143][info] [#0:script/workspace/loading.lua:113]: ++++As library of:	file:///usr/share/nvim/runtime/lua
[01:47:21.143][info] [#0:script/workspace/loading.lua:101]: Preload file at: file:///usr/share/nvim/runtime/lua/vim/vimhelp.lua , size = 0.967 KB
[01:47:21.144][info] [#0:script/workspace/loading.lua:113]: ++++As library of:	file:///usr/share/nvim/runtime/lua
[01:47:21.144][info] [#0:script/workspace/loading.lua:89]: Skip loaded file: file:///usr/share/nvim/runtime/lua/vim/vimhelp.lua
[01:47:21.144][info] [#0:script/workspace/loading.lua:113]: ++++As library of:	file:///usr/share/nvim/runtime/lua
[01:47:21.145][info] [#0:script/workspace/loading.lua:101]: Preload file at: file:///usr/share/nvim/runtime/lua/vim/re.lua , size = 6.495 KB
[01:47:21.150][info] [#0:script/workspace/loading.lua:113]: ++++As library of:	file:///usr/share/nvim/runtime/lua
[01:47:21.150][info] [#0:script/workspace/loading.lua:89]: Skip loaded file: file:///usr/share/nvim/runtime/lua/vim/re.lua
[01:47:21.150][info] [#0:script/workspace/loading.lua:113]: ++++As library of:	file:///usr/share/nvim/runtime/lua
[01:47:21.151][info] [#0:script/workspace/loading.lua:101]: Preload file at: file:///usr/share/nvim/runtime/lua/vim/snippet.lua , size = 20.081 KB
[01:47:21.162][info] [#0:script/workspace/loading.lua:113]: ++++As library of:	file:///usr/share/nvim/runtime/lua
[01:47:21.162][info] [#0:script/workspace/loading.lua:89]: Skip loaded file: file:///usr/share/nvim/runtime/lua/vim/snippet.lua
[01:47:21.162][info] [#0:script/workspace/loading.lua:113]: ++++As library of:	file:///usr/share/nvim/runtime/lua
[01:47:21.162][info] [#0:script/workspace/loading.lua:101]: Preload file at: file:///usr/share/nvim/runtime/lua/vim/loader.lua , size = 15.837 KB
[01:47:21.173][info] [#0:script/workspace/loading.lua:113]: ++++As library of:	file:///usr/share/nvim/runtime/lua
[01:47:21.173][info] [#0:script/workspace/loading.lua:101]: Preload file at: file:///usr/share/nvim/runtime/lua/vim/text.lua , size = 0.812 KB
[01:47:21.174][info] [#0:script/workspace/loading.lua:113]: ++++As library of:	file:///usr/share/nvim/runtime/lua
[01:47:21.174][info] [#0:script/workspace/loading.lua:98]: Skip loaded file: file:///usr/share/nvim/runtime/lua/vim/loader.lua
[01:47:21.174][info] [#0:script/workspace/loading.lua:89]: Skip loaded file: file:///usr/share/nvim/runtime/lua/vim/text.lua
[01:47:21.174][info] [#0:script/workspace/loading.lua:113]: ++++As library of:	file:///usr/share/nvim/runtime/lua
[01:47:21.174][info] [#0:script/workspace/loading.lua:101]: Preload file at: file:///usr/share/nvim/runtime/lua/vim/provider/python.lua , size = 4.224 KB
[01:47:21.177][info] [#0:script/workspace/loading.lua:113]: ++++As library of:	file:///usr/share/nvim/runtime/lua
[01:47:21.177][info] [#0:script/workspace/loading.lua:98]: Skip loaded file: file:///usr/share/nvim/runtime/lua/vim/provider/python.lua
[01:47:21.177][info] [#0:script/workspace/loading.lua:101]: Preload file at: file:///usr/share/nvim/runtime/lua/vim/provider/perl.lua , size = 1.998 KB
[01:47:21.178][info] [#0:script/workspace/loading.lua:113]: ++++As library of:	file:///usr/share/nvim/runtime/lua
[01:47:21.178][info] [#0:script/workspace/loading.lua:98]: Skip loaded file: file:///usr/share/nvim/runtime/lua/vim/provider/perl.lua
[01:47:21.179][info] [#0:script/workspace/loading.lua:101]: Preload file at: file:///usr/share/nvim/runtime/lua/vim/provider/ruby.lua , size = 1.563 KB
[01:47:21.180][info] [#0:script/workspace/loading.lua:113]: ++++As library of:	file:///usr/share/nvim/runtime/lua
[01:47:21.180][info] [#0:script/workspace/loading.lua:98]: Skip loaded file: file:///usr/share/nvim/runtime/lua/vim/provider/ruby.lua
[01:47:21.181][info] [#0:script/workspace/loading.lua:101]: Preload file at: file:///usr/share/nvim/runtime/lua/vim/filetype.lua , size = 68.546 KB
[01:47:21.210][info] [#0:script/workspace/loading.lua:113]: ++++As library of:	file:///usr/share/nvim/runtime/lua
[01:47:21.210][info] [#0:script/workspace/loading.lua:101]: Preload file at: file:///usr/share/nvim/runtime/lua/vim/ui.lua , size = 5.297 KB
[01:47:21.212][info] [#0:script/workspace/loading.lua:113]: ++++As library of:	file:///usr/share/nvim/runtime/lua
[01:47:21.212][info] [#0:script/workspace/loading.lua:98]: Skip loaded file: file:///usr/share/nvim/runtime/lua/vim/ui.lua
[01:47:21.212][info] [#0:script/workspace/loading.lua:98]: Skip loaded file: file:///usr/share/nvim/runtime/lua/vim/filetype.lua
[01:47:21.214][info] [#0:script/workspace/loading.lua:101]: Preload file at: file:///usr/share/nvim/runtime/lua/vim/filetype/detect.lua , size = 57.151 KB
[01:47:21.242][info] [#0:script/workspace/loading.lua:113]: ++++As library of:	file:///usr/share/nvim/runtime/lua
[01:47:21.242][info] [#0:script/workspace/loading.lua:89]: Skip loaded file: file:///usr/share/nvim/runtime/lua/vim/filetype/detect.lua
[01:47:21.242][info] [#0:script/workspace/loading.lua:113]: ++++As library of:	file:///usr/share/nvim/runtime/lua
[01:47:21.243][info] [#0:script/workspace/loading.lua:101]: Preload file at: file:///usr/share/nvim/runtime/lua/vim/filetype/options.lua , size = 2.559 KB
[01:47:21.245][info] [#0:script/workspace/loading.lua:113]: ++++As library of:	file:///usr/share/nvim/runtime/lua
[01:47:21.245][info] [#0:script/workspace/loading.lua:98]: Skip loaded file: file:///usr/share/nvim/runtime/lua/vim/filetype/options.lua
[01:47:21.245][info] [#0:script/workspace/loading.lua:101]: Preload file at: file:///usr/share/nvim/runtime/lua/vim/termcap.lua , size = 3.103 KB
[01:47:21.247][info] [#0:script/workspace/loading.lua:113]: ++++As library of:	file:///usr/share/nvim/runtime/lua
[01:47:21.247][info] [#0:script/workspace/loading.lua:98]: Skip loaded file: file:///usr/share/nvim/runtime/lua/vim/termcap.lua
[01:47:21.247][info] [#0:script/workspace/loading.lua:101]: Preload file at: file:///usr/share/nvim/runtime/lua/vim/iter.lua , size = 25.504 KB
[01:47:21.262][info] [#0:script/workspace/loading.lua:113]: ++++As library of:	file:///usr/share/nvim/runtime/lua
[01:47:21.262][info] [#0:script/workspace/loading.lua:98]: Skip loaded file: file:///usr/share/nvim/runtime/lua/vim/iter.lua
[01:47:21.262][info] [#0:script/workspace/loading.lua:101]: Preload file at: file:///usr/share/nvim/runtime/lua/vim/_defaults.lua , size = 18.695 KB
[01:47:21.271][info] [#0:script/workspace/loading.lua:113]: ++++As library of:	file:///usr/share/nvim/runtime/lua
[01:47:21.271][info] [#0:script/workspace/loading.lua:98]: Skip loaded file: file:///usr/share/nvim/runtime/lua/vim/_defaults.lua
[01:47:21.271][info] [#0:script/workspace/loading.lua:101]: Preload file at: file:///usr/share/nvim/runtime/lua/vim/version.lua , size = 13.560 KB
[01:47:21.278][info] [#0:script/workspace/loading.lua:113]: ++++As library of:	file:///usr/share/nvim/runtime/lua
[01:47:21.278][info] [#0:script/workspace/loading.lua:89]: Skip loaded file: file:///usr/share/nvim/runtime/lua/vim/version.lua
[01:47:21.278][info] [#0:script/workspace/loading.lua:113]: ++++As library of:	file:///usr/share/nvim/runtime/lua
[01:47:21.279][info] [#0:script/workspace/loading.lua:101]: Preload file at: file:///usr/share/nvim/runtime/lua/vim/fs.lua , size = 18.562 KB
[01:47:21.288][info] [#0:script/workspace/loading.lua:113]: ++++As library of:	file:///usr/share/nvim/runtime/lua
[01:47:21.288][info] [#0:script/workspace/loading.lua:98]: Skip loaded file: file:///usr/share/nvim/runtime/lua/vim/fs.lua
[01:47:21.288][info] [#0:script/workspace/loading.lua:101]: Preload file at: file:///usr/share/nvim/runtime/lua/vim/health.lua , size = 12.640 KB
[01:47:21.299][info] [#0:script/workspace/loading.lua:113]: ++++As library of:	file:///usr/share/nvim/runtime/lua
[01:47:21.299][info] [#0:script/workspace/loading.lua:89]: Skip loaded file: file:///usr/share/nvim/runtime/lua/vim/health.lua
[01:47:21.299][info] [#0:script/workspace/loading.lua:113]: ++++As library of:	file:///usr/share/nvim/runtime/lua
[01:47:21.300][info] [#0:script/workspace/loading.lua:101]: Preload file at: file:///usr/share/nvim/runtime/lua/editorconfig.lua , size = 10.443 KB
[01:47:21.407][warn] [#0:script/files.lua:706]: Compile [file:///usr/share/nvim/runtime/lua/editorconfig.lua] takes [0.101] sec, size [10.694] kb.
[01:47:21.411][info] [#0:script/workspace/loading.lua:113]: ++++As library of:	file:///usr/share/nvim/runtime/lua
[01:47:21.411][info] [#0:script/workspace/loading.lua:89]: Skip loaded file: file:///usr/share/nvim/runtime/lua/editorconfig.lua
[01:47:21.411][info] [#0:script/workspace/loading.lua:113]: ++++As library of:	file:///usr/share/nvim/runtime/lua
[01:47:21.412][info] [#0:script/workspace/loading.lua:101]: Preload file at: file:///usr/share/nvim/runtime/lua/man.lua , size = 23.552 KB
[01:47:21.427][info] [#0:script/workspace/loading.lua:113]: ++++As library of:	file:///usr/share/nvim/runtime/lua
[01:47:21.427][info] [#0:script/workspace/loading.lua:98]: Skip loaded file: file:///usr/share/nvim/runtime/lua/man.lua
[01:47:21.427][info] [#0:script/workspace/loading.lua:101]: Preload file at: file:///usr/share/nvim/runtime/lua/nvim/health.lua , size = 12.509 KB
[01:47:21.435][info] [#0:script/workspace/loading.lua:113]: ++++As library of:	file:///usr/share/nvim/runtime/lua
[01:47:21.435][info] [#0:script/workspace/loading.lua:98]: Skip loaded file: file:///usr/share/nvim/runtime/lua/nvim/health.lua
[01:47:21.435][info] [#0:script/workspace/loading.lua:101]: Preload file at: file:///usr/share/nvim/runtime/lua/_vim9script.lua , size = 15.418 KB
[01:47:21.444][info] [#0:script/workspace/loading.lua:113]: ++++As library of:	file:///usr/share/nvim/runtime/lua
[01:47:21.444][info] [#0:script/workspace/loading.lua:98]: Skip loaded file: file:///usr/share/nvim/runtime/lua/_vim9script.lua
[01:47:21.445][info] [#0:script/workspace/loading.lua:101]: Preload file at: file:///usr/share/nvim/runtime/lua/provider/ruby/health.lua , size = 2.211 KB
[01:47:21.446][info] [#0:script/workspace/loading.lua:113]: ++++As library of:	file:///usr/share/nvim/runtime/lua
[01:47:21.446][info] [#0:script/workspace/loading.lua:89]: Skip loaded file: file:///usr/share/nvim/runtime/lua/provider/ruby/health.lua
[01:47:21.446][info] [#0:script/workspace/loading.lua:113]: ++++As library of:	file:///usr/share/nvim/runtime/lua
[01:47:21.447][info] [#0:script/workspace/loading.lua:101]: Preload file at: file:///usr/share/nvim/runtime/lua/provider/node/health.lua , size = 3.375 KB
[01:47:21.449][info] [#0:script/workspace/loading.lua:113]: ++++As library of:	file:///usr/share/nvim/runtime/lua
[01:47:21.449][info] [#0:script/workspace/loading.lua:98]: Skip loaded file: file:///usr/share/nvim/runtime/lua/provider/node/health.lua
[01:47:21.449][info] [#0:script/workspace/loading.lua:101]: Preload file at: file:///usr/share/nvim/runtime/lua/provider/clipboard/health.lua , size = 1.151 KB
[01:47:21.450][info] [#0:script/workspace/loading.lua:113]: ++++As library of:	file:///usr/share/nvim/runtime/lua
[01:47:21.450][info] [#0:script/workspace/loading.lua:89]: Skip loaded file: file:///usr/share/nvim/runtime/lua/provider/clipboard/health.lua
[01:47:21.450][info] [#0:script/workspace/loading.lua:113]: ++++As library of:	file:///usr/share/nvim/runtime/lua
[01:47:21.450][info] [#0:script/workspace/loading.lua:101]: Preload file at: file:///usr/share/nvim/runtime/lua/provider/perl/health.lua , size = 2.752 KB
[01:47:21.451][info] [#0:script/workspace/loading.lua:113]: ++++As library of:	file:///usr/share/nvim/runtime/lua
[01:47:21.451][info] [#0:script/workspace/loading.lua:89]: Skip loaded file: file:///usr/share/nvim/runtime/lua/provider/perl/health.lua
[01:47:21.451][info] [#0:script/workspace/loading.lua:113]: ++++As library of:	file:///usr/share/nvim/runtime/lua
[01:47:21.452][info] [#0:script/workspace/loading.lua:101]: Preload file at: file:///usr/share/nvim/runtime/lua/provider/python/health.lua , size = 16.069 KB
[01:47:21.459][info] [#0:script/workspace/loading.lua:113]: ++++As library of:	file:///usr/share/nvim/runtime/lua
[01:47:21.459][info] [#0:script/workspace/loading.lua:98]: Skip loaded file: file:///usr/share/nvim/runtime/lua/provider/python/health.lua
[01:47:21.459][info] [#0:script/workspace/loading.lua:101]: Preload file at: file:///usr/share/nvim/runtime/lua/jit/dis_arm64.lua , size = 29.441 KB
[01:47:21.476][info] [#0:script/workspace/loading.lua:113]: ++++As library of:	file:///usr/share/nvim/runtime/lua
[01:47:21.477][info] [#0:script/workspace/loading.lua:89]: Skip loaded file: file:///usr/share/nvim/runtime/lua/jit/dis_arm64.lua
[01:47:21.477][info] [#0:script/workspace/loading.lua:113]: ++++As library of:	file:///usr/share/nvim/runtime/lua
[01:47:21.477][info] [#0:script/workspace/loading.lua:101]: Preload file at: file:///usr/share/nvim/runtime/lua/jit/dis_mips64r6el.lua , size = 0.711 KB
[01:47:21.477][info] [#0:script/workspace/loading.lua:113]: ++++As library of:	file:///usr/share/nvim/runtime/lua
[01:47:21.477][info] [#0:script/workspace/loading.lua:89]: Skip loaded file: file:///usr/share/nvim/runtime/lua/jit/dis_mips64r6el.lua
[01:47:21.477][info] [#0:script/workspace/loading.lua:113]: ++++As library of:	file:///usr/share/nvim/runtime/lua
[01:47:21.478][info] [#0:script/workspace/loading.lua:101]: Preload file at: file:///usr/share/nvim/runtime/lua/jit/dis_ppc.lua , size = 19.825 KB
[01:47:21.488][info] [#0:script/workspace/loading.lua:113]: ++++As library of:	file:///usr/share/nvim/runtime/lua
[01:47:21.488][info] [#0:script/workspace/loading.lua:89]: Skip loaded file: file:///usr/share/nvim/runtime/lua/jit/dis_ppc.lua
[01:47:21.488][info] [#0:script/workspace/loading.lua:113]: ++++As library of:	file:///usr/share/nvim/runtime/lua
[01:47:21.488][info] [#0:script/workspace/loading.lua:101]: Preload file at: file:///usr/share/nvim/runtime/lua/jit/v.lua , size = 5.731 KB
[01:47:21.491][info] [#0:script/workspace/loading.lua:113]: ++++As library of:	file:///usr/share/nvim/runtime/lua
[01:47:21.491][info] [#0:script/workspace/loading.lua:89]: Skip loaded file: file:///usr/share/nvim/runtime/lua/jit/v.lua
[01:47:21.491][info] [#0:script/workspace/loading.lua:113]: ++++As library of:	file:///usr/share/nvim/runtime/lua
[01:47:21.491][info] [#0:script/workspace/loading.lua:101]: Preload file at: file:///usr/share/nvim/runtime/lua/jit/dis_mips64el.lua , size = 0.700 KB
[01:47:21.491][info] [#0:script/workspace/loading.lua:113]: ++++As library of:	file:///usr/share/nvim/runtime/lua
[01:47:21.491][info] [#0:script/workspace/loading.lua:98]: Skip loaded file: file:///usr/share/nvim/runtime/lua/jit/dis_mips64el.lua
[01:47:21.492][info] [#0:script/workspace/loading.lua:101]: Preload file at: file:///usr/share/nvim/runtime/lua/jit/dis_mips.lua , size = 21.494 KB
[01:47:21.504][info] [#0:script/workspace/loading.lua:113]: ++++As library of:	file:///usr/share/nvim/runtime/lua
[01:47:21.504][info] [#0:script/workspace/loading.lua:98]: Skip loaded file: file:///usr/share/nvim/runtime/lua/jit/dis_mips.lua
[01:47:21.505][info] [#0:script/workspace/loading.lua:101]: Preload file at: file:///usr/share/nvim/runtime/lua/jit/bc.lua , size = 5.417 KB
[01:47:21.508][info] [#0:script/workspace/loading.lua:113]: ++++As library of:	file:///usr/share/nvim/runtime/lua
[01:47:21.508][info] [#0:script/workspace/loading.lua:101]: Preload file at: file:///usr/share/nvim/runtime/lua/jit/dis_mips64.lua , size = 0.689 KB
[01:47:21.508][info] [#0:script/workspace/loading.lua:113]: ++++As library of:	file:///usr/share/nvim/runtime/lua
[01:47:21.508][info] [#0:script/workspace/loading.lua:98]: Skip loaded file: file:///usr/share/nvim/runtime/lua/jit/bc.lua
[01:47:21.508][info] [#0:script/workspace/loading.lua:89]: Skip loaded file: file:///usr/share/nvim/runtime/lua/jit/dis_mips64.lua
[01:47:21.508][info] [#0:script/workspace/loading.lua:113]: ++++As library of:	file:///usr/share/nvim/runtime/lua
[01:47:21.508][info] [#0:script/workspace/loading.lua:101]: Preload file at: file:///usr/share/nvim/runtime/lua/jit/dis_arm.lua , size = 18.891 KB
[01:47:21.520][info] [#0:script/workspace/loading.lua:113]: ++++As library of:	file:///usr/share/nvim/runtime/lua
[01:47:21.520][info] [#0:script/workspace/loading.lua:98]: Skip loaded file: file:///usr/share/nvim/runtime/lua/jit/dis_arm.lua
[01:47:21.521][info] [#0:script/workspace/loading.lua:101]: Preload file at: file:///usr/share/nvim/runtime/lua/jit/zone.lua , size = 0.979 KB
[01:47:21.521][info] [#0:script/workspace/loading.lua:113]: ++++As library of:	file:///usr/share/nvim/runtime/lua
[01:47:21.521][info] [#0:script/workspace/loading.lua:89]: Skip loaded file: file:///usr/share/nvim/runtime/lua/jit/zone.lua
[01:47:21.521][info] [#0:script/workspace/loading.lua:113]: ++++As library of:	file:///usr/share/nvim/runtime/lua
[01:47:21.522][info] [#0:script/workspace/loading.lua:101]: Preload file at: file:///usr/share/nvim/runtime/lua/jit/dis_arm64be.lua , size = 0.604 KB
[01:47:21.522][info] [#0:script/workspace/loading.lua:113]: ++++As library of:	file:///usr/share/nvim/runtime/lua
[01:47:21.522][info] [#0:script/workspace/loading.lua:98]: Skip loaded file: file:///usr/share/nvim/runtime/lua/jit/dis_arm64be.lua
[01:47:21.523][info] [#0:script/workspace/loading.lua:101]: Preload file at: file:///usr/share/nvim/runtime/lua/jit/bcsave.lua , size = 17.091 KB
[01:47:21.531][info] [#0:script/workspace/loading.lua:113]: ++++As library of:	file:///usr/share/nvim/runtime/lua
[01:47:21.531][info] [#0:script/workspace/loading.lua:89]: Skip loaded file: file:///usr/share/nvim/runtime/lua/jit/bcsave.lua
[01:47:21.532][info] [#0:script/workspace/loading.lua:113]: ++++As library of:	file:///usr/share/nvim/runtime/lua
[01:47:21.532][info] [#0:script/workspace/loading.lua:101]: Preload file at: file:///usr/share/nvim/runtime/lua/jit/dis_mips64r6.lua , size = 0.700 KB
[01:47:21.532][info] [#0:script/workspace/loading.lua:113]: ++++As library of:	file:///usr/share/nvim/runtime/lua
[01:47:21.532][info] [#0:script/workspace/loading.lua:98]: Skip loaded file: file:///usr/share/nvim/runtime/lua/jit/dis_mips64r6.lua
[01:47:21.533][info] [#0:script/workspace/loading.lua:101]: Preload file at: file:///usr/share/nvim/runtime/lua/jit/p.lua , size = 8.891 KB
[01:47:21.537][info] [#0:script/workspace/loading.lua:113]: ++++As library of:	file:///usr/share/nvim/runtime/lua
[01:47:21.537][info] [#0:script/workspace/loading.lua:98]: Skip loaded file: file:///usr/share/nvim/runtime/lua/jit/p.lua
[01:47:21.537][info] [#0:script/workspace/loading.lua:101]: Preload file at: file:///usr/share/nvim/runtime/lua/jit/dis_x86.lua , size = 33.033 KB
[01:47:21.554][info] [#0:script/workspace/loading.lua:113]: ++++As library of:	file:///usr/share/nvim/runtime/lua
[01:47:21.554][info] [#0:script/workspace/loading.lua:89]: Skip loaded file: file:///usr/share/nvim/runtime/lua/jit/dis_x86.lua
[01:47:21.554][info] [#0:script/workspace/loading.lua:113]: ++++As library of:	file:///usr/share/nvim/runtime/lua
[01:47:21.554][info] [#0:script/workspace/loading.lua:101]: Preload file at: file:///usr/share/nvim/runtime/lua/jit/dis_mipsel.lua , size = 0.698 KB
[01:47:21.555][info] [#0:script/workspace/loading.lua:113]: ++++As library of:	file:///usr/share/nvim/runtime/lua
[01:47:21.555][info] [#0:script/workspace/loading.lua:89]: Skip loaded file: file:///usr/share/nvim/runtime/lua/jit/dis_mipsel.lua
[01:47:21.555][info] [#0:script/workspace/loading.lua:113]: ++++As library of:	file:///usr/share/nvim/runtime/lua
[01:47:21.555][info] [#0:script/workspace/loading.lua:101]: Preload file at: file:///usr/share/nvim/runtime/lua/jit/vmdef.lua , size = 7.920 KB
[01:47:21.557][info] [#0:script/workspace/loading.lua:113]: ++++As library of:	file:///usr/share/nvim/runtime/lua
[01:47:21.557][info] [#0:script/workspace/loading.lua:98]: Skip loaded file: file:///usr/share/nvim/runtime/lua/jit/vmdef.lua
[01:47:21.557][info] [#0:script/workspace/loading.lua:101]: Preload file at: file:///usr/share/nvim/runtime/lua/jit/dump.lua , size = 20.269 KB
[01:47:21.568][info] [#0:script/workspace/loading.lua:113]: ++++As library of:	file:///usr/share/nvim/runtime/lua
[01:47:21.568][info] [#0:script/workspace/loading.lua:89]: Skip loaded file: file:///usr/share/nvim/runtime/lua/jit/dump.lua
[01:47:21.568][info] [#0:script/workspace/loading.lua:113]: ++++As library of:	file:///usr/share/nvim/runtime/lua
[01:47:21.568][info] [#0:script/workspace/loading.lua:101]: Preload file at: file:///usr/share/nvim/runtime/lua/jit/dis_x64.lua , size = 0.695 KB
[01:47:21.569][info] [#0:script/workspace/loading.lua:113]: ++++As library of:	file:///usr/share/nvim/runtime/lua
[01:47:21.569][info] [#0:script/workspace/loading.lua:98]: Skip loaded file: file:///usr/share/nvim/runtime/lua/jit/dis_x64.lua
[01:47:21.569][info] [#0:script/workspace/loading.lua:101]: Preload file at: file:///home/aboueleyes/.local/share/nvim/mason/packages/lua-language-server/libexec/meta/Lua%205.4%20en-us%20utf8/debug.lua , size = 7.637 KB
[01:47:21.573][info] [#0:script/workspace/loading.lua:113]: ++++As library of:	file:///home/aboueleyes/.local/share/nvim/mason/packages/lua-language-server/libexec/meta/Lua%205.4%20en-us%20utf8/debug.lua
[01:47:21.573][info] [#0:script/workspace/loading.lua:98]: Skip loaded file: file:///home/aboueleyes/.local/share/nvim/mason/packages/lua-language-server/libexec/meta/Lua%205.4%20en-us%20utf8/debug.lua
[01:47:21.573][info] [#0:script/workspace/loading.lua:101]: Preload file at: file:///home/aboueleyes/.local/share/nvim/mason/packages/lua-language-server/libexec/meta/Lua%205.4%20en-us%20utf8/builtin.lua , size = 0.302 KB
[01:47:21.574][info] [#0:script/workspace/loading.lua:113]: ++++As library of:	file:///home/aboueleyes/.local/share/nvim/mason/packages/lua-language-server/libexec/meta/Lua%205.4%20en-us%20utf8/builtin.lua
[01:47:21.574][info] [#0:script/workspace/loading.lua:89]: Skip loaded file: file:///home/aboueleyes/.local/share/nvim/mason/packages/lua-language-server/libexec/meta/Lua%205.4%20en-us%20utf8/builtin.lua
[01:47:21.574][info] [#0:script/workspace/loading.lua:113]: ++++As library of:	file:///home/aboueleyes/.local/share/nvim/mason/packages/lua-language-server/libexec/meta/Lua%205.4%20en-us%20utf8/builtin.lua
[01:47:21.574][info] [#0:script/workspace/loading.lua:101]: Preload file at: file:///home/aboueleyes/.local/share/nvim/mason/packages/lua-language-server/libexec/meta/Lua%205.4%20en-us%20utf8/table.lua , size = 4.235 KB
[01:47:21.576][info] [#0:script/workspace/loading.lua:113]: ++++As library of:	file:///home/aboueleyes/.local/share/nvim/mason/packages/lua-language-server/libexec/meta/Lua%205.4%20en-us%20utf8/table.lua
[01:47:21.576][info] [#0:script/workspace/loading.lua:89]: Skip loaded file: file:///home/aboueleyes/.local/share/nvim/mason/packages/lua-language-server/libexec/meta/Lua%205.4%20en-us%20utf8/table.lua
[01:47:21.576][info] [#0:script/workspace/loading.lua:113]: ++++As library of:	file:///home/aboueleyes/.local/share/nvim/mason/packages/lua-language-server/libexec/meta/Lua%205.4%20en-us%20utf8/table.lua
[01:47:21.576][info] [#0:script/workspace/loading.lua:89]: Skip loaded file: file:///usr/share/nvim/runtime/lua/vim/lsp/diagnostic.lua
[01:47:21.576][info] [#0:script/workspace/loading.lua:113]: ++++As library of:	file:///usr/share/nvim/runtime/lua/vim/lsp
[01:47:21.576][info] [#0:script/workspace/loading.lua:89]: Skip loaded file: file:///usr/share/nvim/runtime/lua/vim/lsp/diagnostic.lua
[01:47:21.576][info] [#0:script/workspace/loading.lua:113]: ++++As library of:	file:///usr/share/nvim/runtime/lua/vim/lsp
[01:47:21.577][info] [#0:script/workspace/loading.lua:89]: Skip loaded file: file:///usr/share/nvim/runtime/lua/vim/lsp/client.lua
[01:47:21.577][info] [#0:script/workspace/loading.lua:113]: ++++As library of:	file:///usr/share/nvim/runtime/lua/vim/lsp
[01:47:21.577][info] [#0:script/workspace/loading.lua:89]: Skip loaded file: file:///usr/share/nvim/runtime/lua/vim/lsp/client.lua
[01:47:21.577][info] [#0:script/workspace/loading.lua:113]: ++++As library of:	file:///usr/share/nvim/runtime/lua/vim/lsp
[01:47:21.577][info] [#0:script/workspace/loading.lua:89]: Skip loaded file: file:///usr/share/nvim/runtime/lua/vim/lsp/log.lua
[01:47:21.577][info] [#0:script/workspace/loading.lua:113]: ++++As library of:	file:///usr/share/nvim/runtime/lua/vim/lsp
[01:47:21.577][info] [#0:script/workspace/loading.lua:89]: Skip loaded file: file:///usr/share/nvim/runtime/lua/vim/lsp/log.lua
[01:47:21.577][info] [#0:script/workspace/loading.lua:113]: ++++As library of:	file:///usr/share/nvim/runtime/lua/vim/lsp
[01:47:21.577][info] [#0:script/workspace/loading.lua:89]: Skip loaded file: file:///usr/share/nvim/runtime/lua/vim/lsp/_meta/protocol.lua
[01:47:21.577][info] [#0:script/workspace/loading.lua:113]: ++++As library of:	file:///usr/share/nvim/runtime/lua/vim/lsp
[01:47:21.577][info] [#0:script/workspace/loading.lua:89]: Skip loaded file: file:///usr/share/nvim/runtime/lua/vim/lsp/_meta/protocol.lua
[01:47:21.577][info] [#0:script/workspace/loading.lua:113]: ++++As library of:	file:///usr/share/nvim/runtime/lua/vim/lsp
[01:47:21.577][info] [#0:script/workspace/loading.lua:89]: Skip loaded file: file:///usr/share/nvim/runtime/lua/vim/lsp/handlers.lua
[01:47:21.577][info] [#0:script/workspace/loading.lua:113]: ++++As library of:	file:///usr/share/nvim/runtime/lua/vim/lsp
[01:47:21.577][info] [#0:script/workspace/loading.lua:89]: Skip loaded file: file:///usr/share/nvim/runtime/lua/vim/lsp/handlers.lua
[01:47:21.577][info] [#0:script/workspace/loading.lua:113]: ++++As library of:	file:///usr/share/nvim/runtime/lua/vim/lsp
[01:47:21.577][info] [#0:script/workspace/loading.lua:89]: Skip loaded file: file:///usr/share/nvim/runtime/lua/vim/lsp/_watchfiles.lua
[01:47:21.577][info] [#0:script/workspace/loading.lua:113]: ++++As library of:	file:///usr/share/nvim/runtime/lua/vim/lsp
[01:47:21.577][info] [#0:script/workspace/loading.lua:89]: Skip loaded file: file:///usr/share/nvim/runtime/lua/vim/lsp/_watchfiles.lua
[01:47:21.577][info] [#0:script/workspace/loading.lua:113]: ++++As library of:	file:///usr/share/nvim/runtime/lua/vim/lsp
[01:47:21.578][info] [#0:script/workspace/loading.lua:89]: Skip loaded file: file:///usr/share/nvim/runtime/lua/vim/lsp/protocol.lua
[01:47:21.578][info] [#0:script/workspace/loading.lua:113]: ++++As library of:	file:///usr/share/nvim/runtime/lua/vim/lsp
[01:47:21.578][info] [#0:script/workspace/loading.lua:89]: Skip loaded file: file:///usr/share/nvim/runtime/lua/vim/lsp/protocol.lua
[01:47:21.578][info] [#0:script/workspace/loading.lua:113]: ++++As library of:	file:///usr/share/nvim/runtime/lua/vim/lsp
[01:47:21.578][info] [#0:script/workspace/loading.lua:89]: Skip loaded file: file:///usr/share/nvim/runtime/lua/vim/lsp/sync.lua
[01:47:21.578][info] [#0:script/workspace/loading.lua:113]: ++++As library of:	file:///usr/share/nvim/runtime/lua/vim/lsp
[01:47:21.578][info] [#0:script/workspace/loading.lua:89]: Skip loaded file: file:///usr/share/nvim/runtime/lua/vim/lsp/sync.lua
[01:47:21.578][info] [#0:script/workspace/loading.lua:113]: ++++As library of:	file:///usr/share/nvim/runtime/lua/vim/lsp
[01:47:21.578][info] [#0:script/workspace/loading.lua:89]: Skip loaded file: file:///usr/share/nvim/runtime/lua/vim/lsp/util.lua
[01:47:21.578][info] [#0:script/workspace/loading.lua:113]: ++++As library of:	file:///usr/share/nvim/runtime/lua/vim/lsp
[01:47:21.578][info] [#0:script/workspace/loading.lua:89]: Skip loaded file: file:///usr/share/nvim/runtime/lua/vim/lsp/util.lua
[01:47:21.578][info] [#0:script/workspace/loading.lua:113]: ++++As library of:	file:///usr/share/nvim/runtime/lua/vim/lsp
[01:47:21.578][info] [#0:script/workspace/loading.lua:89]: Skip loaded file: file:///usr/share/nvim/runtime/lua/vim/lsp/_tagfunc.lua
[01:47:21.578][info] [#0:script/workspace/loading.lua:113]: ++++As library of:	file:///usr/share/nvim/runtime/lua/vim/lsp
[01:47:21.578][info] [#0:script/workspace/loading.lua:89]: Skip loaded file: file:///usr/share/nvim/runtime/lua/vim/lsp/_tagfunc.lua
[01:47:21.578][info] [#0:script/workspace/loading.lua:113]: ++++As library of:	file:///usr/share/nvim/runtime/lua/vim/lsp
[01:47:21.578][info] [#0:script/workspace/loading.lua:89]: Skip loaded file: file:///usr/share/nvim/runtime/lua/vim/lsp/buf.lua
[01:47:21.578][info] [#0:script/workspace/loading.lua:113]: ++++As library of:	file:///usr/share/nvim/runtime/lua/vim/lsp
[01:47:21.578][info] [#0:script/workspace/loading.lua:89]: Skip loaded file: file:///usr/share/nvim/runtime/lua/vim/lsp/buf.lua
[01:47:21.578][info] [#0:script/workspace/loading.lua:113]: ++++As library of:	file:///usr/share/nvim/runtime/lua/vim/lsp
[01:47:21.578][info] [#0:script/workspace/loading.lua:89]: Skip loaded file: file:///usr/share/nvim/runtime/lua/vim/lsp/_completion.lua
[01:47:21.578][info] [#0:script/workspace/loading.lua:113]: ++++As library of:	file:///usr/share/nvim/runtime/lua/vim/lsp
[01:47:21.579][info] [#0:script/workspace/loading.lua:89]: Skip loaded file: file:///usr/share/nvim/runtime/lua/vim/lsp/_completion.lua
[01:47:21.579][info] [#0:script/workspace/loading.lua:113]: ++++As library of:	file:///usr/share/nvim/runtime/lua/vim/lsp
[01:47:21.579][info] [#0:script/workspace/loading.lua:89]: Skip loaded file: file:///usr/share/nvim/runtime/lua/vim/lsp/_snippet_grammar.lua
[01:47:21.579][info] [#0:script/workspace/loading.lua:113]: ++++As library of:	file:///usr/share/nvim/runtime/lua/vim/lsp
[01:47:21.579][info] [#0:script/workspace/loading.lua:89]: Skip loaded file: file:///usr/share/nvim/runtime/lua/vim/lsp/_snippet_grammar.lua
[01:47:21.579][info] [#0:script/workspace/loading.lua:113]: ++++As library of:	file:///usr/share/nvim/runtime/lua/vim/lsp
[01:47:21.579][info] [#0:script/workspace/loading.lua:89]: Skip loaded file: file:///usr/share/nvim/runtime/lua/vim/lsp/_meta.lua
[01:47:21.579][info] [#0:script/workspace/loading.lua:113]: ++++As library of:	file:///usr/share/nvim/runtime/lua/vim/lsp
[01:47:21.579][info] [#0:script/workspace/loading.lua:89]: Skip loaded file: file:///usr/share/nvim/runtime/lua/vim/lsp/_meta.lua
[01:47:21.579][info] [#0:script/workspace/loading.lua:113]: ++++As library of:	file:///usr/share/nvim/runtime/lua/vim/lsp
[01:47:21.579][info] [#0:script/workspace/loading.lua:89]: Skip loaded file: file:///usr/share/nvim/runtime/lua/vim/lsp/codelens.lua
[01:47:21.579][info] [#0:script/workspace/loading.lua:113]: ++++As library of:	file:///usr/share/nvim/runtime/lua/vim/lsp
[01:47:21.579][info] [#0:script/workspace/loading.lua:89]: Skip loaded file: file:///usr/share/nvim/runtime/lua/vim/lsp/codelens.lua
[01:47:21.579][info] [#0:script/workspace/loading.lua:113]: ++++As library of:	file:///usr/share/nvim/runtime/lua/vim/lsp
[01:47:21.579][info] [#0:script/workspace/loading.lua:89]: Skip loaded file: file:///usr/share/nvim/runtime/lua/vim/lsp/semantic_tokens.lua
[01:47:21.579][info] [#0:script/workspace/loading.lua:113]: ++++As library of:	file:///usr/share/nvim/runtime/lua/vim/lsp
[01:47:21.580][info] [#0:script/workspace/loading.lua:89]: Skip loaded file: file:///usr/share/nvim/runtime/lua/vim/lsp/semantic_tokens.lua
[01:47:21.580][info] [#0:script/workspace/loading.lua:113]: ++++As library of:	file:///usr/share/nvim/runtime/lua/vim/lsp
[01:47:21.580][info] [#0:script/workspace/loading.lua:89]: Skip loaded file: file:///usr/share/nvim/runtime/lua/vim/lsp/_dynamic.lua
[01:47:21.580][info] [#0:script/workspace/loading.lua:113]: ++++As library of:	file:///usr/share/nvim/runtime/lua/vim/lsp
[01:47:21.580][info] [#0:script/workspace/loading.lua:89]: Skip loaded file: file:///usr/share/nvim/runtime/lua/vim/lsp/_dynamic.lua
[01:47:21.580][info] [#0:script/workspace/loading.lua:113]: ++++As library of:	file:///usr/share/nvim/runtime/lua/vim/lsp
[01:47:21.580][info] [#0:script/workspace/loading.lua:89]: Skip loaded file: file:///usr/share/nvim/runtime/lua/vim/lsp/inlay_hint.lua
[01:47:21.580][info] [#0:script/workspace/loading.lua:113]: ++++As library of:	file:///usr/share/nvim/runtime/lua/vim/lsp
[01:47:21.580][info] [#0:script/workspace/loading.lua:89]: Skip loaded file: file:///usr/share/nvim/runtime/lua/vim/lsp/inlay_hint.lua
[01:47:21.580][info] [#0:script/workspace/loading.lua:113]: ++++As library of:	file:///usr/share/nvim/runtime/lua/vim/lsp
[01:47:21.580][info] [#0:script/workspace/loading.lua:89]: Skip loaded file: file:///usr/share/nvim/runtime/lua/vim/lsp/rpc.lua
[01:47:21.580][info] [#0:script/workspace/loading.lua:113]: ++++As library of:	file:///usr/share/nvim/runtime/lua/vim/lsp
[01:47:21.580][info] [#0:script/workspace/loading.lua:89]: Skip loaded file: file:///usr/share/nvim/runtime/lua/vim/lsp/rpc.lua
[01:47:21.580][info] [#0:script/workspace/loading.lua:113]: ++++As library of:	file:///usr/share/nvim/runtime/lua/vim/lsp
[01:47:21.580][info] [#0:script/workspace/loading.lua:89]: Skip loaded file: file:///usr/share/nvim/runtime/lua/vim/lsp/health.lua
[01:47:21.580][info] [#0:script/workspace/loading.lua:113]: ++++As library of:	file:///usr/share/nvim/runtime/lua/vim/lsp
[01:47:21.580][info] [#0:script/workspace/loading.lua:89]: Skip loaded file: file:///usr/share/nvim/runtime/lua/vim/lsp/health.lua
[01:47:21.580][info] [#0:script/workspace/loading.lua:113]: ++++As library of:	file:///usr/share/nvim/runtime/lua/vim/lsp
[01:47:21.580][info] [#0:script/workspace/loading.lua:89]: Skip loaded file: file:///usr/share/nvim/runtime/lua/vim/lsp/_changetracking.lua
[01:47:21.580][info] [#0:script/workspace/loading.lua:113]: ++++As library of:	file:///usr/share/nvim/runtime/lua/vim/lsp
[01:47:21.580][info] [#0:script/workspace/loading.lua:89]: Skip loaded file: file:///usr/share/nvim/runtime/lua/vim/lsp/_changetracking.lua
[01:47:21.581][info] [#0:script/workspace/loading.lua:113]: ++++As library of:	file:///usr/share/nvim/runtime/lua/vim/lsp
[01:47:21.581][info] [#0:script/workspace/loading.lua:101]: Preload file at: file:///home/aboueleyes/.local/share/nvim/lazy/ui/nvchad_types/base46.lua , size = 6.033 KB
[01:47:21.583][info] [#0:script/workspace/loading.lua:113]: ++++As library of:	file:///home/aboueleyes/.local/share/nvim/lazy/ui/nvchad_types
[01:47:21.584][info] [#0:script/workspace/loading.lua:89]: Skip loaded file: file:///home/aboueleyes/.local/share/nvim/lazy/ui/nvchad_types/base46.lua
[01:47:21.584][info] [#0:script/workspace/loading.lua:113]: ++++As library of:	file:///home/aboueleyes/.local/share/nvim/lazy/ui/nvchad_types
[01:47:21.584][info] [#0:script/workspace/loading.lua:101]: Preload file at: file:///home/aboueleyes/.local/share/nvim/lazy/ui/nvchad_types/all_hl_groups.lua , size = 86.496 KB
[01:47:21.609][info] [#0:script/workspace/loading.lua:113]: ++++As library of:	file:///home/aboueleyes/.local/share/nvim/lazy/ui/nvchad_types
[01:47:21.609][info] [#0:script/workspace/loading.lua:98]: Skip loaded file: file:///home/aboueleyes/.local/share/nvim/lazy/ui/nvchad_types/all_hl_groups.lua
[01:47:21.609][info] [#0:script/workspace/loading.lua:101]: Preload file at: file:///home/aboueleyes/.local/share/nvim/lazy/ui/nvchad_types/themes.lua , size = 5.846 KB
[01:47:21.612][info] [#0:script/workspace/loading.lua:113]: ++++As library of:	file:///home/aboueleyes/.local/share/nvim/lazy/ui/nvchad_types
[01:47:21.612][info] [#0:script/workspace/loading.lua:89]: Skip loaded file: file:///home/aboueleyes/.local/share/nvim/lazy/ui/nvchad_types/themes.lua
[01:47:21.612][info] [#0:script/workspace/loading.lua:113]: ++++As library of:	file:///home/aboueleyes/.local/share/nvim/lazy/ui/nvchad_types
[01:47:21.613][info] [#0:script/workspace/loading.lua:101]: Preload file at: file:///home/aboueleyes/.local/share/nvim/lazy/ui/nvchad_types/plugins.lua , size = 5.781 KB
[01:47:21.615][info] [#0:script/workspace/loading.lua:113]: ++++As library of:	file:///home/aboueleyes/.local/share/nvim/lazy/ui/nvchad_types
[01:47:21.615][info] [#0:script/workspace/loading.lua:89]: Skip loaded file: file:///home/aboueleyes/.local/share/nvim/lazy/ui/nvchad_types/plugins.lua
[01:47:21.615][info] [#0:script/workspace/loading.lua:113]: ++++As library of:	file:///home/aboueleyes/.local/share/nvim/lazy/ui/nvchad_types
[01:47:21.615][info] [#0:script/workspace/loading.lua:101]: Preload file at: file:///home/aboueleyes/.local/share/nvim/lazy/ui/nvchad_types/keymaps.lua , size = 1.461 KB
[01:47:21.616][info] [#0:script/workspace/loading.lua:113]: ++++As library of:	file:///home/aboueleyes/.local/share/nvim/lazy/ui/nvchad_types
[01:47:21.616][info] [#0:script/workspace/loading.lua:89]: Skip loaded file: file:///home/aboueleyes/.local/share/nvim/lazy/ui/nvchad_types/keymaps.lua
[01:47:21.616][info] [#0:script/workspace/loading.lua:113]: ++++As library of:	file:///home/aboueleyes/.local/share/nvim/lazy/ui/nvchad_types
[01:47:21.617][info] [#0:script/workspace/loading.lua:101]: Preload file at: file:///home/aboueleyes/.local/share/nvim/lazy/ui/nvchad_types/chadrc.lua , size = 5.424 KB
[01:47:21.619][info] [#0:script/workspace/loading.lua:113]: ++++As library of:	file:///home/aboueleyes/.local/share/nvim/lazy/ui/nvchad_types
[01:47:21.619][info] [#0:script/workspace/loading.lua:89]: Skip loaded file: file:///home/aboueleyes/.local/share/nvim/lazy/ui/nvchad_types/chadrc.lua
[01:47:21.619][info] [#0:script/workspace/loading.lua:113]: ++++As library of:	file:///home/aboueleyes/.local/share/nvim/lazy/ui/nvchad_types
[01:47:21.620][info] [#0:script/workspace/loading.lua:101]: Preload file at: file:///home/aboueleyes/.local/share/nvim/mason/packages/lua-language-server/libexec/meta/Lua%205.4%20en-us%20utf8/basic.lua , size = 15.619 KB
[01:47:21.628][info] [#0:script/workspace/loading.lua:113]: ++++As library of:	file:///home/aboueleyes/.local/share/nvim/mason/packages/lua-language-server/libexec/meta/Lua%205.4%20en-us%20utf8/basic.lua
[01:47:21.628][info] [#0:script/workspace/loading.lua:89]: Skip loaded file: file:///home/aboueleyes/.local/share/nvim/mason/packages/lua-language-server/libexec/meta/Lua%205.4%20en-us%20utf8/basic.lua
[01:47:21.628][info] [#0:script/workspace/loading.lua:113]: ++++As library of:	file:///home/aboueleyes/.local/share/nvim/mason/packages/lua-language-server/libexec/meta/Lua%205.4%20en-us%20utf8/basic.lua
[01:47:21.628][info] [#0:script/workspace/loading.lua:101]: Preload file at: file:///home/aboueleyes/.local/share/nvim/mason/packages/lua-language-server/libexec/meta/Lua%205.4%20en-us%20utf8/utf8.lua , size = 2.386 KB
[01:47:21.630][info] [#0:script/workspace/loading.lua:113]: ++++As library of:	file:///home/aboueleyes/.local/share/nvim/mason/packages/lua-language-server/libexec/meta/Lua%205.4%20en-us%20utf8/utf8.lua
[01:47:21.630][info] [#0:script/workspace/loading.lua:89]: Skip loaded file: file:///home/aboueleyes/.local/share/nvim/mason/packages/lua-language-server/libexec/meta/Lua%205.4%20en-us%20utf8/utf8.lua
[01:47:21.630][info] [#0:script/workspace/loading.lua:113]: ++++As library of:	file:///home/aboueleyes/.local/share/nvim/mason/packages/lua-language-server/libexec/meta/Lua%205.4%20en-us%20utf8/utf8.lua
[01:47:21.630][info] [#0:script/workspace/loading.lua:101]: Preload file at: file:///home/aboueleyes/.local/share/nvim/mason/packages/lua-language-server/libexec/meta/Lua%205.4%20en-us%20utf8/os.lua , size = 5.600 KB
[01:47:21.633][info] [#0:script/workspace/loading.lua:113]: ++++As library of:	file:///home/aboueleyes/.local/share/nvim/mason/packages/lua-language-server/libexec/meta/Lua%205.4%20en-us%20utf8/os.lua
[01:47:21.633][info] [#0:script/workspace/loading.lua:89]: Skip loaded file: file:///home/aboueleyes/.local/share/nvim/mason/packages/lua-language-server/libexec/meta/Lua%205.4%20en-us%20utf8/os.lua
[01:47:21.633][info] [#0:script/workspace/loading.lua:113]: ++++As library of:	file:///home/aboueleyes/.local/share/nvim/mason/packages/lua-language-server/libexec/meta/Lua%205.4%20en-us%20utf8/os.lua
[01:47:21.634][info] [#0:script/workspace/loading.lua:101]: Preload file at: file:///home/aboueleyes/.local/share/nvim/mason/packages/lua-language-server/libexec/meta/Lua%205.4%20en-us%20utf8/coroutine.lua , size = 2.590 KB
[01:47:21.636][info] [#0:script/workspace/loading.lua:113]: ++++As library of:	file:///home/aboueleyes/.local/share/nvim/mason/packages/lua-language-server/libexec/meta/Lua%205.4%20en-us%20utf8/coroutine.lua
[01:47:21.636][info] [#0:script/workspace/loading.lua:89]: Skip loaded file: file:///home/aboueleyes/.local/share/nvim/mason/packages/lua-language-server/libexec/meta/Lua%205.4%20en-us%20utf8/coroutine.lua
[01:47:21.636][info] [#0:script/workspace/loading.lua:113]: ++++As library of:	file:///home/aboueleyes/.local/share/nvim/mason/packages/lua-language-server/libexec/meta/Lua%205.4%20en-us%20utf8/coroutine.lua
[01:47:21.636][info] [#0:script/workspace/loading.lua:101]: Preload file at: file:///home/aboueleyes/.local/share/nvim/mason/packages/lua-language-server/libexec/meta/Lua%205.4%20en-us%20utf8/io.lua , size = 6.364 KB
[01:47:21.640][info] [#0:script/workspace/loading.lua:113]: ++++As library of:	file:///home/aboueleyes/.local/share/nvim/mason/packages/lua-language-server/libexec/meta/Lua%205.4%20en-us%20utf8/io.lua
[01:47:21.640][info] [#0:script/workspace/loading.lua:89]: Skip loaded file: file:///home/aboueleyes/.local/share/nvim/mason/packages/lua-language-server/libexec/meta/Lua%205.4%20en-us%20utf8/io.lua
[01:47:21.640][info] [#0:script/workspace/loading.lua:113]: ++++As library of:	file:///home/aboueleyes/.local/share/nvim/mason/packages/lua-language-server/libexec/meta/Lua%205.4%20en-us%20utf8/io.lua
[01:47:21.640][info] [#0:script/workspace/loading.lua:101]: Preload file at: file:///home/aboueleyes/.local/share/nvim/mason/packages/lua-language-server/libexec/meta/Lua%205.4%20en-us%20utf8/package.lua , size = 2.944 KB
[01:47:21.642][info] [#0:script/workspace/loading.lua:113]: ++++As library of:	file:///home/aboueleyes/.local/share/nvim/mason/packages/lua-language-server/libexec/meta/Lua%205.4%20en-us%20utf8/package.lua
[01:47:21.642][info] [#0:script/workspace/loading.lua:89]: Skip loaded file: file:///home/aboueleyes/.local/share/nvim/mason/packages/lua-language-server/libexec/meta/Lua%205.4%20en-us%20utf8/package.lua
[01:47:21.642][info] [#0:script/workspace/loading.lua:113]: ++++As library of:	file:///home/aboueleyes/.local/share/nvim/mason/packages/lua-language-server/libexec/meta/Lua%205.4%20en-us%20utf8/package.lua
[01:47:21.642][info] [#0:script/workspace/loading.lua:101]: Preload file at: file:///home/aboueleyes/.local/share/nvim/mason/packages/lua-language-server/libexec/meta/Lua%205.4%20en-us%20utf8/math.lua , size = 8.509 KB
[01:47:21.647][info] [#0:script/workspace/loading.lua:113]: ++++As library of:	file:///home/aboueleyes/.local/share/nvim/mason/packages/lua-language-server/libexec/meta/Lua%205.4%20en-us%20utf8/math.lua
[01:47:21.647][info] [#0:script/workspace/loading.lua:89]: Skip loaded file: file:///home/aboueleyes/.local/share/nvim/mason/packages/lua-language-server/libexec/meta/Lua%205.4%20en-us%20utf8/math.lua
[01:47:21.647][info] [#0:script/workspace/loading.lua:113]: ++++As library of:	file:///home/aboueleyes/.local/share/nvim/mason/packages/lua-language-server/libexec/meta/Lua%205.4%20en-us%20utf8/math.lua
[01:47:21.647][info] [#0:script/workspace/loading.lua:101]: Preload file at: file:///home/aboueleyes/.local/share/nvim/mason/packages/lua-language-server/libexec/meta/Lua%205.4%20en-us%20utf8/string.lua , size = 6.341 KB
[01:47:21.651][info] [#0:script/workspace/loading.lua:113]: ++++As library of:	file:///home/aboueleyes/.local/share/nvim/mason/packages/lua-language-server/libexec/meta/Lua%205.4%20en-us%20utf8/string.lua
[01:47:21.651][info] [#0:script/workspace/loading.lua:89]: Skip loaded file: file:///home/aboueleyes/.local/share/nvim/mason/packages/lua-language-server/libexec/meta/Lua%205.4%20en-us%20utf8/string.lua
[01:47:21.651][info] [#0:script/workspace/loading.lua:113]: ++++As library of:	file:///home/aboueleyes/.local/share/nvim/mason/packages/lua-language-server/libexec/meta/Lua%205.4%20en-us%20utf8/string.lua
[01:47:21.651][info] [#0:script/workspace/loading.lua:173]: Loaded files takes [1.551] sec: <fallback>
[01:47:21.651][info] [#0:script/workspace/loading.lua:182]: Compile files takes [0.000] sec: <fallback>
[01:47:21.651][info] [#0:script/workspace/loading.lua:183]: Loaded finish:	<fallback>
[01:47:21.651][info] [#0:script/workspace/workspace.lua:381]: Preload finish at:	<fallback>
[01:47:21.665][info] [#0:script/workspace/loading.lua:101]: Preload file at: file:///home/aboueleyes/.config/nvim/lua/mappings.lua , size = 0.201 KB
[01:47:21.665][info] [#0:script/workspace/loading.lua:101]: Preload file at: file:///home/aboueleyes/.config/nvim/lua/configs/conform.lua , size = 0.325 KB
[01:47:21.666][info] [#0:script/workspace/loading.lua:101]: Preload file at: file:///home/aboueleyes/.config/nvim/lua/configs/lspconfig.lua , size = 0.614 KB
[01:47:21.666][info] [#0:script/workspace/loading.lua:101]: Preload file at: file:///home/aboueleyes/.config/nvim/lua/configs/lazy.lua , size = 0.822 KB
[01:47:21.667][info] [#0:script/workspace/loading.lua:101]: Preload file at: file:///home/aboueleyes/.config/nvim/lua/options.lua , size = 0.114 KB
[01:47:21.667][info] [#0:script/workspace/loading.lua:101]: Preload file at: file:///home/aboueleyes/.config/nvim/lua/plugins/init.lua , size = 0.790 KB
[01:47:21.668][info] [#0:script/workspace/loading.lua:101]: Preload file at: file:///home/aboueleyes/.config/nvim/lua/chadrc.lua , size = 0.290 KB
[01:47:21.668][info] [#0:script/workspace/loading.lua:89]: Skip loaded file: file:///home/aboueleyes/.config/nvim/init.lua
[01:47:21.669][info] [#0:script/workspace/loading.lua:173]: Loaded files takes [1.567] sec: file:///home/aboueleyes/.config/nvim
[01:47:21.669][info] [#0:script/workspace/loading.lua:182]: Compile files takes [0.000] sec: file:///home/aboueleyes/.config/nvim
[01:47:21.669][info] [#0:script/workspace/loading.lua:183]: Loaded finish:	file:///home/aboueleyes/.config/nvim
[01:47:21.669][info] [#0:script/workspace/workspace.lua:381]: Preload finish at:	file:///home/aboueleyes/.config/nvim
[01:47:21.684][info] [#0:script/provider/diagnostic.lua:560]: Diagnostics scope [file:///home/aboueleyes/.config/nvim], files count:[198]
[01:47:21.684][warn] [#0:script/proto/proto.lua:187]: Method [textDocument/didOpen] takes [1.647]sec. {
  jsonrpc = "2.0",
  method = "textDocument/didOpen",
  params = {
    textDocument = {
      languageId = "lua",
      text = '"***"',
      uri = "file:///home/aboueleyes/.config/nvim/init.lua",
      version = 0
    }
  }
}
[01:47:21.813][info] [#0:script/provider/diagnostic.lua:577]: Diagnostics scope [file:///home/aboueleyes/.config/nvim] finished, takes [0.061] sec.
[01:47:23.391][info] [#0:script/workspace/workspace.lua:284]: Scan files at:	file:///home/aboueleyes/.config/nvim/init.lua
[01:47:23.393][info] [#0:script/provider/provider.lua:169]: Server shutdown.
[01:47:23.393][warn] [#0:script/pub/report.lua:25]: Load proto error:	Disconnected!
